"Season","Name","Team","G","PA","SB","CS","BsR","H","1B","BB","HBP","IBB","playerid"
"2015","Bryce Harper","Nationals","153","654","6","4","3.6","172","91","124","5","15","11579"
"2018","Mookie Betts","Red Sox","136","614","30","6","6.9","180","96","81","8","8","13611"
"2018","Mike Trout","Angels","140","608","24","2","5.0","147","80","122","10","25","10155"
"2019","Christian Yelich","Brewers","130","580","30","2","8.5","161","85","80","8","16","11477"
"2017","Mike Trout","Angels","114","507","22","4","4.0","123","62","94","7","15","10155"
"2019","Mike Trout","Angels","134","600","11","2","7.1","137","63","110","16","14","10155"
"2017","J.D. Martinez","- - -","119","489","4","0","-5.8","131","57","53","0","8","6184"
"2017","Aaron Judge","Yankees","155","678","9","4","0.0","154","75","127","5","11","15640"
"2017","Joey Votto","Reds","162","707","5","1","-9.6","179","108","134","8","20","4314"
"2018","J.D. Martinez","Red Sox","150","649","6","1","-4.1","188","106","69","4","11","6184"
"2015","Joey Votto","Reds","158","695","11","3","-1.1","171","107","143","5","15","4314"
"2018","Christian Yelich","Brewers","147","651","22","4","5.8","187","110","68","7","2","11477"
"2016","David Ortiz","Red Sox","151","626","2","0","-9.8","169","82","80","2","15","745"
"2019","Alex Bregman","Astros","156","690","5","1","-2.1","164","84","119","9","2","17678"
"2016","Mike Trout","Angels","159","681","30","7","9.6","173","107","116","11","12","10155"
"2015","Paul Goldschmidt","Diamondbacks","159","695","21","5","3.0","182","109","118","2","29","9218"
"2019","Nelson Cruz","Twins","120","521","0","1","-4.5","141","74","56","7","8","2434"
"2017","Bryce Harper","Nationals","111","492","4","2","-0.8","134","77","68","1","11","11579"
"2019","Cody Bellinger","Dodgers","156","660","15","5","1.4","170","86","95","3","21","15998"
"2015","Mike Trout","Angels","159","682","11","7","3.0","172","93","92","10","14","10155"
"2017","Charlie Blackmon","Rockies","159","725","14","10","2.0","213","127","65","10","9","7859"
"2015","Miguel Cabrera","Tigers","119","511","1","1","-4.7","145","98","77","3","15","1744"
"2016","Joey Votto","Reds","158","677","8","1","-3.0","181","116","108","5","15","4314"
"2019","Anthony Rendon","Nationals","146","646","5","1","0.4","174","93","80","12","8","12861"
"2017","Giancarlo Stanton","Marlins","159","692","2","2","-2.3","168","77","85","7","13","4949"
"2016","Daniel Murphy","Nationals","142","582","5","3","3.2","184","107","35","8","10","4316"
"2018","Max Muncy","Dodgers","137","481","3","0","3.1","104","50","79","5","6","13301"
"2017","Freddie Freeman","Braves","117","514","8","5","0.8","135","70","65","7","14","5361"
"2017","Jose Altuve","Astros","153","662","32","6","4.0","204","137","58","9","3","5417"
"2019","Ketel Marte","Diamondbacks","144","628","10","2","4.2","187","110","53","4","2","13613"
"2016","Josh Donaldson","Blue Jays","155","700","7","1","0.0","164","90","109","9","6","5038"
"2016","Freddie Freeman","Braves","158","693","6","1","0.9","178","95","89","10","18","5361"
"2019","George Springer","Astros","122","556","6","2","0.9","140","78","67","6","1","12856"
"2017","Paul Goldschmidt","Diamondbacks","155","665","18","5","3.3","166","93","94","8","15","9218"
"2017","Justin Turner","Dodgers","130","543","7","1","2.1","147","94","59","19","5","5235"
"2017","Kris Bryant","Cubs","151","665","7","5","4.8","162","91","95","15","5","15429"
"2016","Miguel Cabrera","Tigers","158","679","0","0","-9.6","188","118","75","4","15","1744"
"2017","Tommy Pham","Cardinals","128","530","25","7","5.3","136","89","71","10","0","2967"
"2015","Josh Donaldson","Blue Jays","158","711","6","0","4.0","184","100","73","6","0","5038"
"2017","Jose Ramirez","Indians","152","645","17","5","0.0","186","95","52","3","5","13510"
"2017","Josh Donaldson","Blue Jays","113","496","2","2","2.4","112","58","76","3","1","5038"
"2016","Kris Bryant","Cubs","155","699","8","5","7.1","176","99","75","18","5","15429"
"2015","Nelson Cruz","Mariners","152","655","3","2","-2.7","178","111","59","5","9","2434"
"2018","Justin Turner","Dodgers","103","426","2","1","0.0","114","68","47","12","3","5235"
"2018","Alex Bregman","Astros","157","705","10","4","3.4","170","87","96","12","2","17678"
"2017","Nolan Arenado","Rockies","159","680","3","2","0.5","187","100","62","4","9","9777"
"2017","Anthony Rendon","Nationals","147","605","7","2","1.5","153","86","84","7","6","12861"
"2019","Juan Soto","Nationals","150","659","12","1","-0.5","153","82","108","3","3","20123"
"2016","Charlie Blackmon","Rockies","143","641","17","9","2.9","187","118","43","13","4","7859"
"2017","Carlos Correa","Astros","109","481","2","1","1.6","133","83","53","2","5","14162"
"2017","Zack Cozart","Reds","122","507","3","0","-1.5","130","75","62","3","0","2616"
"2017","Michael Conforto","Mets","109","440","2","0","2.9","104","56","57","8","5","16376"
"2018","Juan Soto","Nationals","116","494","5","2","2.0","121","73","79","0","10","20123"
"2019","Nolan Arenado","Rockies","155","662","3","2","2.5","185","111","62","4","11","9777"
"2015","Edwin Encarnacion","Blue Jays","146","624","3","2","-1.8","146","76","77","9","5","2151"
"2016","DJ LeMahieu","Rockies","146","635","11","7","0.1","192","141","66","3","2","9874"
"2018","Jose Ramirez","Indians","157","698","34","6","12.0","156","75","106","8","15","13510"
"2016","Anthony Rizzo","Cubs","155","676","3","5","-2.7","170","91","74","16","8","3473"
"2018","Aaron Judge","Yankees","112","498","6","3","1.4","115","66","76","4","3","15640"
"2018","Nolan Arenado","Rockies","156","673","2","2","0.0","175","97","73","3","10","9777"
"2016","Jose Altuve","Astros","161","717","30","10","0.4","216","145","60","7","11","5417"
"2018","Paul Goldschmidt","Diamondbacks","158","690","7","4","2.5","172","99","90","6","11","9218"
"2019","Anthony Rizzo","Cubs","146","613","5","2","-5.4","150","91","71","27","3","3473"
"2015","Chris Davis","Orioles","160","670","2","3","-0.7","150","72","84","8","6","9272"
"2019","Xander Bogaerts","Red Sox","155","698","4","2","1.0","190","105","76","2","2","12161"
"2015","Jose Bautista","Blue Jays","153","666","8","2","2.0","136","64","110","5","2","1887"
"2017","Marcell Ozuna","Marlins","159","679","1","3","-5.2","191","122","64","0","4","10324"
"2018","Ronald Acuna Jr.","Braves","111","487","16","5","2.8","127","71","45","6","2","18401"
"2017","Ryan Zimmerman","Nationals","144","576","1","0","1.9","159","90","44","3","1","4220"
"2019","Charlie Blackmon","Rockies","140","634","2","5","-4.5","182","101","40","9","1","7859"
"2019","Freddie Freeman","Braves","158","692","6","3","-0.1","176","102","87","6","11","5361"
"2019","J.D. Martinez","Red Sox","146","657","2","0","-4.6","175","104","72","4","9","6184"
"2016","Nolan Arenado","Rockies","160","696","2","3","-0.9","182","100","68","2","10","9777"
"2019","Mark Canha","Athletics","126","497","3","2","-1.2","112","67","67","18","1","11445"
"2018","Brandon Nimmo","Mets","140","535","9","6","1.9","114","61","80","22","2","12927"
"2017","Nelson Cruz","Mariners","155","645","1","1","-3.9","160","93","70","12","7","2434"
"2017","Daniel Murphy","Nationals","144","593","2","0","-2.0","172","103","52","4","14","4316"
"2019","Jeff McNeil","Mets","133","567","5","6","-2.9","162","100","35","21","2","15362"
"2019","Peter Alonso","Mets","161","693","1","0","-2.2","155","70","72","21","6","19251"
"2015","Anthony Rizzo","Cubs","160","701","17","6","1.9","163","91","78","30","9","3473"
"2018","Trevor Story","Rockies","157","656","27","6","1.8","174","89","47","7","3","12564"
"2016","J.D. Martinez","Tigers","120","517","1","2","-3.5","141","82","49","3","2","6184"
"2016","Nelson Cruz","Mariners","155","667","2","0","-3.2","169","98","62","9","5","2434"
"2018","Anthony Rendon","Nationals","136","597","2","1","5.1","163","93","55","5","5","12861"
"2019","Aaron Judge","Yankees","102","447","3","2","0.4","103","57","64","3","4","15640"
"2016","Paul Goldschmidt","Diamondbacks","158","705","32","5","5.2","172","112","110","7","15","9218"
"2017","Marwin Gonzalez","Astros","134","515","8","3","0.5","138","81","49","6","4","5497"
"2015","Mark Teixeira","Yankees","111","462","2","0","-2.6","100","47","59","6","6","1281"
"2019","Eugenio Suarez","Reds","159","662","3","2","-6.2","156","83","70","11","4","12552"
"2019","Mookie Betts","Red Sox","150","706","16","3","5.6","176","102","97","3","6","13611"
"2015","Andrew McCutchen","Pirates","157","685","11","5","-1.1","165","103","98","12","12","9847"
"2019","Trevor Story","Rockies","145","656","23","8","5.9","173","95","58","7","0","12564"
"2016","Trevor Story","Rockies","97","415","8","5","1.9","101","49","35","5","2","12564"
"2017","Cody Bellinger","Dodgers","132","548","10","3","2.0","128","59","64","1","13","15998"
"2015","David Peralta","Diamondbacks","149","517","9","4","3.5","144","91","44","4","2","2136"
"2017","Anthony Rizzo","Cubs","157","691","10","4","-4.2","156","89","91","24","11","3473"
"2019","Carlos Santana","Indians","158","686","4","0","1.5","161","96","108","3","12","2396"
"2019","Austin Meadows","Rays","138","591","12","7","-1.0","154","85","54","7","6","15672"
"2019","Kris Bryant","Cubs","147","634","4","0","3.8","153","86","74","15","1","15429"
"2019","Yoan Moncada","White Sox","132","559","10","3","3.5","161","97","40","4","2","17232"
"2016","Mookie Betts","Red Sox","158","730","26","4","10.6","214","136","49","2","1","13611"
"2015","David Ortiz","Red Sox","146","614","0","1","-5.3","144","70","77","0","16","745"
"2019","Miguel Sano","Twins","105","439","0","1","-1.4","94","39","55","3","0","12164"
"2019","Josh Bell","Pirates","143","613","0","1","-5.0","146","69","74","5","13","13145"
"2019","Jorge Soler","Royals","162","679","3","1","-0.7","156","74","73","10","3","14221"
"2017","Justin Upton","- - -","152","635","14","5","4.1","152","73","74","3","3","5222"
"2018","Freddie Freeman","Braves","162","707","10","3","1.3","191","120","76","7","12","5361"
"2016","Ryan Braun","Brewers","135","564","16","5","-0.6","156","100","46","4","10","3410"
"2019","Josh Donaldson","Braves","155","659","4","2","-3.0","142","72","100","8","2","5038"
"2017","Jose Abreu","White Sox","156","675","3","0","-2.0","189","107","35","15","6","15676"
"2019","Rafael Devers","Red Sox","156","702","8","8","2.3","201","111","48","4","7","17350"
"2018","Manny Machado","- - -","162","709","14","2","1.2","188","113","70","2","18","11493"
"2018","Eugenio Suarez","Reds","143","606","1","1","-4.1","149","91","64","9","7","12552"
"2017","Eric Hosmer","Royals","162","671","6","1","1.9","192","135","66","0","3","3516"
"2017","George Springer","Astros","140","629","5","7","-2.2","155","92","64","11","1","12856"
"2018","Bryce Harper","Nationals","159","695","13","3","0.4","137","69","130","6","16","11579"
"2018","Matt Carpenter","Cardinals","156","677","4","1","1.3","145","67","102","6","17","8090"
"2017","Avisail Garcia","White Sox","136","561","5","3","1.9","171","121","33","9","5","5760"
"2016","Matt Carpenter","Cardinals","129","566","0","4","-3.1","128","65","81","5","6","8090"
"2019","DJ LeMahieu","Yankees","145","655","5","2","-0.8","197","136","46","2","0","9874"
"2017","Justin Bour","Marlins","108","429","1","0","-4.5","109","66","47","1","7","9744"
"2019","Jose Altuve","Astros","124","548","6","5","-5.0","149","88","41","3","0","5417"
"2018","Jesus Aguilar","Brewers","149","566","0","0","-3.6","135","75","58","6","3","11342"
"2016","Brandon Belt","Giants","156","655","0","4","-3.0","149","83","104","5","4","10264"
"2019","J.D. Davis","Mets","140","453","3","0","-2.8","126","81","38","3","2","16219"
"2016","Edwin Encarnacion","Blue Jays","160","702","2","0","-2.3","158","82","87","5","3","2151"
"2017","Edwin Encarnacion","Indians","157","669","2","0","-8.3","143","84","104","5","5","2151"
"2018","Xander Bogaerts","Red Sox","136","580","8","2","-1.7","148","77","55","6","4","12161"
"2019","Trey Mancini","Orioles","154","679","1","0","-2.1","175","100","63","9","3","15149"
"2019","Marcus Semien","Athletics","162","747","10","8","1.7","187","104","87","2","2","12533"
"2019","Max Muncy","Dodgers","141","589","4","1","4.8","122","64","90","8","1","13301"
"2015","Matt Carpenter","Cardinals","154","665","4","3","1.3","156","81","81","6","5","8090"
"2015","J.D. Martinez","Tigers","158","657","3","2","-2.4","168","95","53","5","7","6184"
"2016","Corey Seager","Dodgers","157","687","3","3","2.4","193","122","54","4","5","13624"
"2017","Domingo Santana","Brewers","151","607","15","4","3.2","146","87","73","6","2","10348"
"2015","Justin Turner","Dodgers","126","439","5","2","0.0","113","70","36","13","1","5235"
"2016","Adrian Beltre","Rangers","153","640","1","1","-1.1","175","111","48","6","6","639"
"2016","Jean Segura","Diamondbacks","153","694","33","10","5.0","203","135","39","12","1","5933"
"2015","Nolan Arenado","Rockies","157","665","2","5","-1.1","177","88","34","4","13","9777"
"2017","Justin Smoak","Blue Jays","158","637","0","1","-3.1","151","83","73","2","3","9054"
"2019","Bryan Reynolds","Pirates","134","546","3","2","0.7","154","97","46","6","0","19326"
"2015","A.J. Pollock","Diamondbacks","157","673","39","7","6.7","192","127","53","2","0","9256"
"2015","Kris Bryant","Cubs","151","650","13","4","6.9","154","92","77","9","0","15429"
"2015","Manny Machado","Orioles","162","713","20","8","1.2","181","115","70","4","2","11493"
"2016","Robinson Cano","Mariners","161","715","0","1","-2.0","195","121","47","8","8","3269"
"2019","Justin Turner","Dodgers","135","549","2","0","-1.1","139","88","51","14","1","5235"
"2016","Brian Dozier","Twins","155","691","18","2","5.4","165","83","61","8","6","9810"
"2016","Carlos Santana","Indians","158","688","5","2","-1.1","151","83","99","2","0","2396"
"2018","Joey Votto","Reds","145","623","2","0","-3.8","143","101","108","9","6","4314"
"2016","Aledmys Diaz","Cardinals","111","460","4","4","-2.7","121","73","41","7","6","15937"
"2018","Matt Chapman","Athletics","145","616","1","2","2.6","152","80","58","9","0","16505"
"2016","Yoenis Cespedes","Mets","132","543","3","1","-0.5","134","77","51","7","8","13110"
"2019","Giovanny Urshela","Yankees","132","476","1","1","-3.1","139","84","25","5","1","10681"
"2019","Ronald Acuna Jr.","Braves","156","715","37","9","8.1","175","110","76","9","4","18401"
"2017","Eric Thames","Brewers","138","551","4","2","-1.6","116","55","75","7","5","3711"
"2018","Francisco Lindor","Indians","158","745","25","10","1.2","183","101","70","8","7","12916"
"2018","David Peralta","Diamondbacks","146","614","4","0","0.3","164","104","48","4","4","2136"
"2019","Willson Contreras","Cubs","105","409","1","2","0.2","98","54","38","9","2","11609"
"2019","Matt Olson","Athletics","127","547","0","0","-0.5","129","67","51","12","7","14344"
"2015","Michael Brantley","Indians","137","596","15","1","1.5","164","104","60","2","8","4106"
"2018","Charlie Blackmon","Rockies","156","696","12","4","1.4","182","115","59","8","2","7859"
"2017","Gary Sanchez","Yankees","122","525","2","1","-1.4","131","78","40","10","1","11442"
"2016","Christian Yelich","Marlins","155","659","9","4","2.3","172","110","72","4","4","11477"
"2016","Hanley Ramirez","Red Sox","147","620","9","3","-0.9","157","98","60","7","5","8001"
"2015","Yoenis Cespedes","- - -","159","676","7","5","3.8","184","101","33","5","5","13110"
"2016","Dexter Fowler","Cubs","125","551","13","4","6.1","126","81","79","11","0","4062"
"2019","Michael Brantley","Astros","148","637","3","2","0.0","179","115","51","7","3","4106"
"2017","Scooter Gennett","Reds","141","497","3","2","-2.3","136","84","30","4","1","10339"
"2018","Mitch Haniger","Mariners","157","683","8","2","0.1","170","102","70","10","4","14274"
"2018","Javier Baez","Cubs","160","645","21","9","3.9","176","93","29","5","8","12979"
"2015","Andre Ethier","Dodgers","142","445","2","3","-1.9","116","75","43","4","2","6265"
"2016","Manny Machado","Orioles","157","696","0","3","0.1","188","110","48","3","9","11493"
"2015","Ryan Braun","Brewers","140","568","24","4","1.8","144","89","54","4","4","3410"
"2017","Yonder Alonso","- - -","142","521","2","0","-2.5","120","70","68","2","6","2530"
"2017","Buster Posey","Giants","140","568","6","1","-1.8","158","112","61","8","13","9166"
"2019","Bryce Harper","Phillies","157","682","15","3","-0.6","149","77","99","6","11","11579"
"2018","Khris Davis","Athletics","151","654","0","0","-4.8","142","65","59","12","5","9112"
"2015","Carlos Correa","Astros","99","432","14","4","1.9","108","63","40","1","2","14162"
"2015","Shin-Soo Choo","Rangers","149","653","4","2","2.0","153","96","76","15","1","3174"
"2019","Yuli Gurriel","Astros","144","612","5","3","-2.6","168","95","37","5","2","19198"
"2017","Corey Seager","Dodgers","145","613","4","2","3.4","159","104","67","4","5","13624"
"2015","Kendrys Morales","Royals","158","639","0","0","-7.9","165","100","58","8","4","8610"
"2019","David Dahl","Rockies","100","413","4","4","0.6","113","65","28","4","0","13744"
"2015","Freddie Freeman","Braves","118","481","3","1","2.7","115","70","56","7","4","5361"
"2017","Joey Gallo","Rangers","145","532","7","2","4.6","94","32","75","8","1","14128"
"2015","Carlos Gonzalez","Rockies","153","608","2","0","1.5","150","83","46","1","6","7287"
"2018","Jose Altuve","Astros","137","599","17","4","4.7","169","125","55","6","4","5417"
"2018","Rhys Hoskins","Phillies","153","660","5","3","2.1","137","65","87","9","2","16472"
"2015","Buster Posey","Giants","150","623","2","0","-1.7","177","130","56","3","10","9166"
"2019","Tim Anderson","White Sox","123","518","17","5","1.7","167","117","15","3","0","15172"
"2018","Nicholas Castellanos","Tigers","157","678","2","1","3.2","185","111","49","6","5","11737"
"2016","Kyle Seager","Mariners","158","676","3","1","-2.1","166","97","69","8","10","9785"
"2017","Logan Morrison","Rays","149","601","2","0","0.0","126","65","81","5","8","9205"
"2015","Joe Panik","Giants","100","432","3","2","0.3","119","82","38","5","0","11936"
"2019","Edwin Encarnacion","- - -","109","486","0","1","1.0","102","50","58","7","1","2151"
"2017","Brian Dozier","Twins","152","705","16","7","3.7","167","99","78","8","6","9810"
"2017","Willson Contreras","Cubs","117","428","5","4","-6.0","104","62","45","3","2","11609"
"2019","Joc Pederson","Dodgers","149","514","1","1","0.1","112","57","50","12","2","11899"
"2018","Scooter Gennett","Reds","154","638","4","2","0.1","181","125","42","4","3","10339"
"2016","Jonathan Lucroy","- - -","142","544","5","0","-0.5","143","92","47","3","5","7870"
"2016","Wilson Ramos","Nationals","131","523","0","0","-6.7","148","101","35","2","2","1433"
"2018","Wilson Ramos","- - -","111","416","0","0","-11.1","117","79","32","0","2","1433"
"2016","Carlos Gonzalez","Rockies","150","632","2","2","-1.6","174","105","46","1","6","7287"
"2017","Chris Taylor","Dodgers","140","568","17","4","6.7","148","88","50","3","0","13757"
"2017","Miguel Sano","Twins","114","483","0","0","-4.2","112","67","54","4","5","12164"
"2015","Jose Abreu","White Sox","154","668","0","0","-1.2","178","111","39","15","11","15676"
"2017","Khris Davis","Athletics","153","652","4","0","-1.3","140","68","73","6","1","9112"
"2015","Alex Rodriguez","Yankees","151","620","4","0","-0.8","131","75","84","6","5","1274"
"2018","Miguel Andujar","Yankees","149","606","2","1","1.0","170","94","25","4","2","15878"
"2017","Travis Shaw","Brewers","144","606","10","0","-1.8","147","81","60","4","6","11982"
"2018","Nelson Cruz","Mariners","144","591","1","0","-4.7","133","77","55","14","5","2434"
"2019","Yasmani Grandal","Brewers","153","632","5","1","-5.1","126","70","109","5","2","11368"
"2017","Matt Carpenter","Cardinals","145","622","2","1","0.4","120","64","109","9","4","8090"
"2015","George Springer","Astros","102","451","16","4","5.2","107","70","50","8","0","12856"
"2015","Prince Fielder","Rangers","158","693","0","0","-5.2","187","136","64","11","14","4613"
"2015","Lorenzo Cain","Royals","140","604","28","6","6.3","169","113","37","12","4","9077"
"2017","Andrew McCutchen","Pirates","156","650","11","5","1.1","159","99","73","4","5","9847"
"2016","Ben Zobrist","Cubs","147","631","6","4","1.8","142","90","96","4","6","7435"
"2019","Hunter Dozier","Royals","139","586","2","2","-2.1","146","81","55","3","2","15117"
"2018","Aaron Hicks","Yankees","137","581","11","2","7.0","119","71","90","3","1","5297"
"2019","Luke Voit","Yankees","118","510","0","0","-3.8","113","70","71","9","2","14811"
"2018","Giancarlo Stanton","Yankees","158","705","5","0","-0.1","164","91","70","8","5","4949"
"2017","Mitch Haniger","Mariners","96","410","5","4","-2.5","104","61","31","9","0","14274"
"2016","Joc Pederson","Dodgers","137","476","6","2","0.2","100","49","63","4","4","11899"
"2017","Aaron Altherr","Phillies","107","412","5","4","-1.9","101","53","32","7","2","11270"
"2018","Lorenzo Cain","Brewers","141","620","30","7","6.4","166","129","71","8","1","9077"
"2015","Brandon Belt","Giants","137","556","9","3","1.6","138","82","56","4","2","10264"
"2018","Michael Brantley","Indians","143","631","12","3","1.4","176","121","48","5","0","4106"
"2018","Anthony Rizzo","Cubs","153","665","6","4","-5.8","160","105","70","20","15","3473"
"2017","Paul DeJong","Cardinals","108","443","1","0","-2.4","119","67","21","4","1","18015"
"2015","Lucas Duda","Mets","135","554","0","2","0.0","115","55","66","14","7","2502"
"2018","Kris Bryant","Cubs","102","457","2","4","-0.6","106","62","48","17","6","15429"
"2018","Tommy Pham","- - -","137","570","15","7","2.2","136","91","67","6","2","2967"
"2019","Gleyber Torres","Yankees","144","604","5","2","-0.5","152","88","48","3","3","16997"
"2019","Michael Conforto","Mets","151","648","7","2","1.4","141","78","84","10","5","16376"
"2016","Carlos Beltran","- - -","151","593","1","0","-3.1","163","101","35","2","4","589"
"2016","Mark Trumbo","Orioles","159","667","2","0","-1.4","157","82","51","3","1","6876"
"2016","Dustin Pedroia","Red Sox","154","698","7","4","-4.3","201","149","61","0","0","8370"
"2015","Francisco Lindor","Indians","99","438","12","2","-0.8","122","84","27","1","0","12916"
"2017","Dexter Fowler","Cardinals","118","491","7","3","1.9","111","62","63","4","6","4062"
"2017","Mark Reynolds","Rockies","148","593","2","1","-2.7","139","86","69","1","0","7619"
"2019","Nicholas Castellanos","- - -","151","664","2","2","-0.5","178","90","41","5","1","11737"
"2018","Andrew Benintendi","Red Sox","148","661","21","3","4.3","168","105","71","2","1","17901"
"2017","Josh Reddick","Astros","134","540","7","3","3.3","150","99","43","0","1","3892"
"2019","Kyle Schwarber","Cubs","155","610","2","3","-2.3","132","62","70","5","5","16478"
"2015","Curtis Granderson","Mets","157","682","11","6","2.5","150","89","91","7","3","4747"
"2016","Ian Kinsler","Tigers","153","679","14","6","3.9","178","117","45","13","0","6195"
"2017","Eugenio Suarez","Reds","156","632","4","5","-1.4","139","86","84","9","1","12552"
"2019","Ramon Laureano","Athletics","123","481","13","2","4.9","125","72","27","11","0","17128"
"2015","Jung Ho Kang","Pirates","126","467","5","4","3.2","121","80","28","17","0","17182"
"2018","Jose Martinez","Cardinals","152","590","0","3","-1.6","163","116","49","2","0","7996"
"2019","Trea Turner","Nationals","122","569","35","5","6.5","155","94","43","3","2","16252"
"2016","Jonathan Villar","Brewers","156","679","62","18","3.5","168","108","79","2","4","10071"
"2018","Shin-Soo Choo","Rangers","146","665","6","1","0.4","148","96","92","10","2","3174"
"2019","Max Kepler","Twins","134","596","1","5","-1.8","132","64","60","8","0","12144"
"2018","Francisco Cervelli","Pirates","104","404","2","3","-1.7","86","56","51","15","1","5275"
"2015","Jason Kipnis","Indians","141","641","12","8","3.1","171","112","57","9","6","9776"
"2017","Jonathan Schoop","Orioles","160","675","1","0","-2.1","182","115","35","11","0","11265"
"2017","Mike Zunino","Mariners","124","435","1","0","-1.7","97","47","39","8","0","13265"
"2016","Jose Ramirez","Indians","152","618","22","7","8.6","176","116","44","4","1","13510"
"2018","Ben Zobrist","Cubs","139","520","3","4","0.5","139","99","55","2","1","7435"
"2015","Eric Hosmer","Royals","158","667","7","3","3.1","178","122","61","3","6","3516"
"2016","Jose Bautista","Blue Jays","116","517","2","2","-5.3","99","52","87","3","1","1887"
"2019","Matt Chapman","Athletics","156","670","1","1","0.9","145","70","73","11","0","16505"
"2015","Adrian Gonzalez","Dodgers","156","643","0","1","-5.8","157","96","62","6","10","1908"
"2016","Jackie Bradley Jr.","Red Sox","156","636","9","2","5.1","149","86","63","10","5","12984"
"2019","Ryan Braun","Brewers","144","508","11","1","-0.7","131","76","34","8","1","3410"
"2018","Joc Pederson","Dodgers","148","443","1","5","1.4","98","43","40","4","3","11899"
"2019","Ozzie Albies","Braves","160","702","15","4","4.8","189","114","54","4","6","16556"
"2019","Eric Thames","Brewers","149","459","3","2","2.6","98","48","51","10","4","3711"
"2015","Khris Davis","Brewers","121","440","6","2","-1.2","97","52","44","1","1","9112"
"2015","Mike Moustakas","Royals","147","614","1","2","-5.6","156","99","43","13","1","4892"
"2019","Shin-Soo Choo","Rangers","151","660","15","1","3.8","149","92","78","18","3","3174"
"2018","Gregory Polanco","Pirates","130","535","12","2","-1.0","117","56","61","3","5","12907"
"2018","J.T. Realmuto","Marlins","125","531","3","2","4.8","132","78","38","10","0","11739"
"2016","Justin Turner","Dodgers","151","622","4","1","0.2","153","89","48","10","1","5235"
"2016","George Springer","Astros","162","744","9","10","-0.3","168","105","88","11","2","12856"
"2019","Starling Marte","Pirates","132","586","25","6","3.4","159","99","25","16","1","9241"
"2017","Jake Lamb","Diamondbacks","149","635","6","4","0.8","133","69","87","7","13","13329"
"2017","Francisco Lindor","Indians","159","723","15","3","4.7","178","97","60","4","6","12916"
"2019","Mike Yastrzemski","Giants","107","411","2","4","1.6","101","55","32","4","1","14854"
"2019","Jorge Polanco","Twins","153","704","4","3","3.1","186","117","60","4","2","13152"
"2016","Jake Lamb","Diamondbacks","151","594","6","1","4.4","130","61","64","3","5","13329"
"2019","Shohei Ohtani","Angels","106","425","12","3","1.4","110","67","33","2","1","19755"
"2017","Brandon Belt","Giants","104","451","3","2","-0.8","92","44","66","2","2","10264"
"2018","Yasmani Grandal","Dodgers","140","518","2","1","-6.1","106","57","72","3","1","11368"
"2019","Danny Santana","Rangers","130","511","21","6","4.6","134","77","25","6","2","10322"
"2015","Mookie Betts","Red Sox","145","654","21","6","7.9","174","106","46","2","1","13611"
"2016","Starling Marte","Pirates","129","529","47","12","6.8","152","104","23","16","5","9241"
"2016","Neil Walker","Mets","113","458","3","1","-1.6","116","83","42","1","3","7539"
"2015","Alex Gordon","Royals","104","422","2","5","-0.7","96","65","49","14","7","5209"
"2017","Alex Bregman","Astros","155","626","17","5","0.3","158","95","55","7","2","17678"
"2018","Stephen Piscotty","Athletics","151","605","2","0","-1.2","146","78","42","12","0","13367"
"2016","Victor Martinez","Tigers","154","610","0","0","-10.1","160","111","50","4","8","393"
"2018","Travis Shaw","Brewers","152","587","5","2","0.6","120","65","78","4","6","11982"
"2015","Adam Lind","Brewers","149","572","0","0","-3.3","139","87","66","1","11","8027"
"2017","Carlos Santana","Indians","154","667","5","1","0.8","148","85","88","6","6","2396"
"2018","Didi Gregorius","Yankees","134","569","10","6","2.3","135","80","48","7","3","6012"
"2016","Yasmani Grandal","Dodgers","126","457","1","3","-5.6","89","47","64","2","1","11368"
"2017","Jay Bruce","- - -","146","617","1","1","-2.1","141","74","57","2","0","9892"
"2016","Evan Longoria","Rays","160","685","0","3","0.1","173","92","42","3","6","9368"
"2015","Logan Forsythe","Rays","153","615","9","4","-1.5","152","100","55","14","2","7185"
"2016","Nicholas Castellanos","Tigers","110","447","1","1","-1.2","117","70","28","3","1","11737"
"2015","Ben Zobrist","- - -","126","535","3","4","-0.7","129","77","62","1","3","7435"
"2017","Eddie Rosario","Twins","151","589","9","8","-0.5","157","95","35","0","1","12155"
"2018","Whit Merrifield","Royals","158","707","45","10","7.4","192","134","61","6","2","11281"
"2019","Francisco Lindor","Indians","143","654","22","5","-2.0","170","96","46","3","9","12916"
"2017","Trey Mancini","Orioles","147","586","1","0","-0.3","159","105","33","6","1","15149"
"2018","Gleyber Torres","Yankees","123","484","6","2","-1.0","117","76","42","5","3","16997"
"2016","Khris Davis","Athletics","150","610","1","2","-3.1","137","69","42","8","0","9112"
"2016","Carlos Correa","Astros","153","660","13","3","3.8","158","99","75","5","5","14162"
"2018","Justin Smoak","Blue Jays","147","594","0","1","-7.3","122","63","83","3","2","9054"
"2017","Joe Mauer","Twins","141","597","2","1","-6.3","160","116","66","3","3","1857"
"2017","Ian Happ","Cubs","115","413","8","4","-2.6","92","48","39","4","5","17919"
"2019","Tommy Pham","Rays","145","654","25","4","0.6","155","99","81","5","4","2967"
"2016","Jose Abreu","White Sox","159","695","0","2","-5.5","183","125","47","15","7","15676"
"2018","Yasiel Puig","Dodgers","125","444","15","5","0.1","108","63","36","1","2","14225"
"2017","Yasiel Puig","Dodgers","152","570","15","6","-7.6","131","77","64","2","8","14225"
"2016","Hunter Pence","Giants","106","442","1","1","-2.8","114","77","43","1","1","8252"
"2016","Mark Reynolds","Rockies","118","441","1","2","-2.6","111","73","42","4","1","7619"
"2016","Derek Dietrich","Marlins","128","412","1","0","-2.6","98","66","32","24","2","10542"
"2019","Mike Moustakas","Brewers","143","584","3","0","-2.2","133","67","53","6","5","4892"
"2015","Yunel Escobar","Nationals","139","591","2","2","-6.4","168","133","45","8","0","4191"
"2017","Steven Souza Jr.","Rays","148","617","16","4","3.6","125","72","84","7","2","5667"
"2018","Justin Upton","Angels","145","613","8","2","-0.1","137","88","64","10","1","5222"
"2018","Matt Kemp","Dodgers","146","506","0","0","-4.2","134","88","36","1","2","5631"
"2019","Ji-Man Choi","Rays","127","487","2","3","0.8","107","66","64","6","2","5452"
"2017","Christian Yelich","Marlins","156","695","16","2","6.8","170","114","80","6","4","11477"
"2015","Mitch Moreland","Rangers","132","515","1","0","0.7","131","81","32","7","2","3086"
"2016","Xander Bogaerts","Red Sox","157","719","13","4","6.0","192","136","58","6","0","12161"
"2016","Michael Saunders","Blue Jays","140","558","1","2","-0.9","124","65","59","5","2","9981"
"2018","Jed Lowrie","Athletics","157","680","0","0","0.2","159","98","78","3","1","4418"
"2015","Jose Altuve","Astros","154","689","38","13","-4.0","200","141","33","9","8","5417"
"2016","Jason Kipnis","Indians","156","688","15","3","0.8","168","100","60","6","0","9776"
"2018","Andrew McCutchen","- - -","155","682","14","9","-5.0","145","92","95","11","1","9847"
"2019","Javier Baez","Cubs","138","561","11","7","1.2","149","78","28","0","3","12979"
"2017","Jed Lowrie","Athletics","153","645","0","1","-1.3","157","91","73","2","2","4418"
"2018","C.J. Cron","Rays","140","560","1","2","-2.0","127","68","37","17","2","12546"
"2019","Rhys Hoskins","Phillies","160","705","2","2","-2.7","129","62","116","11","6","16472"
"2015","Dustin Pedroia","Red Sox","93","425","2","2","-0.9","111","79","38","2","1","8370"
"2017","Lorenzo Cain","Royals","155","645","26","2","3.5","175","128","54","5","1","9077"
"2017","Ryan Braun","Brewers","104","425","12","4","-0.3","102","55","38","3","2","3410"
"2015","Carlos Beltran","Yankees","133","531","0","0","0.3","132","78","45","2","2","589"
"2015","Adam Eaton","White Sox","153","689","18","8","5.8","175","124","58","14","2","11205"
"2018","Johan Camargo","Braves","134","524","1","1","-2.8","126","79","51","6","4","14950"
"2018","Edwin Encarnacion","Indians","137","579","3","0","-5.3","123","74","63","8","2","2151"
"2017","Neil Walker","- - -","111","448","0","2","-0.6","102","65","55","5","2","7539"
"2016","Chris Carter","Brewers","160","644","3","1","-4.3","122","53","76","9","1","9911"
"2018","Eduardo Escobar","- - -","151","631","2","4","-1.4","154","80","52","5","8","6153"
"2019","Gary Sanchez","Yankees","106","446","0","1","-1.1","92","45","40","9","3","11442"
"2017","Cesar Hernandez","Phillies","128","577","15","5","0.8","150","109","61","4","1","10556"
"2019","Paul Goldschmidt","Cardinals","161","682","3","1","3.2","155","95","78","2","2","9218"
"2015","Jason Heyward","Cardinals","154","610","23","3","7.2","160","110","56","2","4","4940"
"2016","Yangervis Solarte","Padres","109","443","1","1","0.4","116","74","30","5","1","5352"
"2019","Christian Walker","Diamondbacks","152","603","8","1","2.6","137","81","67","6","6","13419"
"2016","Asdrubal Cabrera","Mets","141","568","5","1","-3.8","146","92","38","7","3","4962"
"2016","Stephen Piscotty","Cardinals","153","649","7","5","-3.6","159","99","51","12","0","13367"
"2018","Cody Bellinger","Dodgers","162","632","14","1","4.1","145","85","69","3","9","15998"
"2016","Evan Gattis","Astros","128","499","2","1","-1.5","112","61","43","4","6","11003"
"2015","Charlie Blackmon","Rockies","157","682","43","13","3.2","176","119","46","13","2","7859"
"2019","Omar Narvaez","Mariners","132","482","0","0","-1.5","119","85","47","4","1","13338"
"2016","Yasmany Tomas","Diamondbacks","140","563","2","4","-5.6","144","82","31","1","4","17171"
"2017","Mike Moustakas","Royals","148","598","0","0","-5.4","151","89","34","3","7","4892"
"2018","Nick Markakis","Braves","162","705","1","1","-3.4","185","126","72","1","10","5930"
"2017","Yuli Gurriel","Astros","139","564","3","2","0.8","158","96","22","7","1","19198"
"2016","Elvis Andrus","Rangers","147","568","24","8","2.0","153","107","47","4","2","8709"
"2019","Brett Gardner","Yankees","141","550","10","2","4.6","123","62","52","4","0","9927"
"2019","Jose Abreu","White Sox","159","693","2","2","-5.3","180","108","36","13","4","15676"
"2017","Jedd Gyorko","Cardinals","125","481","6","2","-2.5","116","73","47","1","1","10816"
"2016","Giancarlo Stanton","Marlins","119","470","0","0","-0.1","99","51","50","4","5","4949"
"2016","Adam Eaton","White Sox","157","706","14","5","4.5","176","124","63","14","2","11205"
"2017","Elvis Andrus","Rangers","158","689","25","10","4.4","191","123","38","3","0","8709"
"2017","Carlos Gomez","Rangers","105","426","13","5","2.1","94","53","31","19","0","4881"
"2019","Eloy Jimenez","White Sox","122","504","0","0","1.8","125","74","30","4","0","17484"
"2016","Bryce Harper","Nationals","147","627","21","10","2.2","123","73","108","3","20","11579"
"2018","Joey Gallo","Rangers","148","577","3","4","2.8","103","38","74","3","4","14128"
"2015","Christian Yelich","Marlins","126","525","16","5","2.0","143","104","47","2","2","11477"
"2018","Kyle Schwarber","Cubs","137","510","4","3","1.1","102","59","78","1","20","16478"
"2017","Matt Joyce","Athletics","141","544","4","1","1.7","114","56","66","2","0","3353"
"2019","Cavan Biggio","Blue Jays","100","430","14","0","4.9","83","48","71","2","0","19252"
"2016","Mike Napoli","Indians","150","645","5","1","-5.4","133","76","78","5","2","3057"
"2015","Justin Bour","Marlins","129","446","0","0","-7.2","107","64","34","2","3","9744"
"2016","Anthony Rendon","Nationals","156","647","12","6","3.2","153","93","65","7","2","12861"
"2016","Melky Cabrera","White Sox","151","646","2","0","-3.6","175","114","47","0","2","4022"
"2018","Michael Conforto","Mets","153","638","3","4","0.1","132","78","84","7","8","16376"
"2015","Todd Frazier","Reds","157","678","13","8","-0.5","158","79","44","7","3","785"
"2019","Brian Anderson","Marlins","126","520","5","1","-0.3","120","66","44","14","1","18289"
"2019","Eric Sogard","- - -","110","442","8","0","4.3","115","77","38","2","2","7927"
"2017","Eduardo Nunez","- - -","114","491","24","7","2.1","146","101","18","3","0","6848"
"2017","David Peralta","Diamondbacks","140","577","8","4","1.2","154","106","43","6","1","2136"
"2018","Enrique Hernandez","Dodgers","145","462","3","0","3.8","103","62","50","1","5","10472"
"2016","Danny Valencia","Athletics","130","517","1","1","-1.6","135","95","41","3","1","6364"
"2016","Yadier Molina","Cardinals","147","581","3","2","-7.5","164","117","39","6","1","7007"
"2017","DJ LeMahieu","Rockies","155","682","6","5","-4.5","189","149","59","6","1","9874"
"2019","Adam Eaton","Nationals","151","656","15","3","3.5","158","111","65","13","0","11205"
"2016","Wil Myers","Padres","157","676","28","6","7.6","155","94","68","4","1","10047"
"2018","Curtis Granderson","- - -","123","403","2","1","-2.6","83","46","54","4","1","4747"
"2017","Lucas Duda","- - -","127","491","0","0","-4.0","92","34","60","6","6","2502"
"2019","Eduardo Escobar","Diamondbacks","158","699","5","1","2.9","171","97","50","3","3","6153"
"2018","Jurickson Profar","Rangers","146","594","10","0","4.0","133","72","54","12","1","10815"
"2016","Buster Posey","Giants","146","614","6","1","-3.3","155","106","64","3","7","9166"
"2017","Corey Dickerson","Rays","150","629","4","3","-0.1","166","102","35","3","6","10762"
"2017","Nicholas Castellanos","Tigers","157","665","4","5","-2.1","167","95","41","5","0","11737"
"2015","Francisco Cervelli","Pirates","130","510","1","1","-0.8","133","104","46","8","1","5275"
"2018","Daniel Descalso","Diamondbacks","138","423","0","1","2.2","83","44","64","2","2","8392"
"2018","Corey Dickerson","Pirates","135","533","8","3","-3.1","151","96","21","4","4","10762"
"2016","Francisco Lindor","Indians","158","684","19","5","0.8","182","134","57","5","3","12916"
"2019","Corey Seager","Dodgers","134","541","1","0","3.4","133","69","44","4","3","13624"
"2016","Kole Calhoun","Angels","157","672","2","3","1.5","161","103","67","6","0","11200"
"2017","A.J. Pollock","Diamondbacks","112","466","20","6","2.6","113","60","35","6","1","9256"
"2015","Russell Martin","Blue Jays","129","507","4","5","-4.5","106","58","53","8","1","4616"
"2019","Whit Merrifield","Royals","162","735","20","10","1.5","206","139","45","5","5","11281"
"2018","Eddie Rosario","Twins","138","592","8","2","7.7","161","104","30","0","5","12155"
"2018","Randal Grichuk","Blue Jays","124","462","3","2","-0.4","104","46","27","8","0","10243"
"2016","Chris Davis","Orioles","157","665","1","0","4.1","125","66","88","8","3","9272"
"2018","Matt Olson","Athletics","162","660","2","1","-2.2","143","81","70","8","3","14344"
"2016","Jay Bruce","- - -","147","589","4","2","-3.1","135","69","44","3","7","9892"
"2015","Justin Upton","Padres","150","620","19","5","4.9","136","81","68","4","5","5222"
"2018","George Springer","Astros","140","620","6","4","-0.9","144","96","64","5","0","12856"
"2019","J.T. Realmuto","Phillies","145","593","9","1","5.4","148","84","41","5","2","11739"
"2019","Kevin Newman","Pirates","130","531","16","8","-0.2","152","114","28","7","2","17696"
"2018","Mallex Smith","Rays","141","544","40","12","6.6","142","103","47","8","0","13608"
"2016","Curtis Granderson","Mets","150","633","4","2","1.9","129","70","74","9","7","4747"
"2015","Colby Rasmus","Astros","137","485","2","1","5.1","103","53","47","2","0","9893"
"2017","Shin-Soo Choo","Rangers","149","636","12","3","-1.7","142","99","77","7","1","3174"
"2016","Jedd Gyorko","Cardinals","128","438","0","0","0.1","97","57","37","0","1","10816"
"2017","Mookie Betts","Red Sox","153","712","26","3","9.2","166","94","77","2","9","13611"
"2016","Kendrys Morales","Royals","154","618","0","0","-4.4","147","93","48","7","2","8610"
"2017","Josh Bell","Pirates","159","620","2","4","-6.8","140","82","66","1","4","13145"
"2018","Hunter Renfroe","Padres","117","441","2","1","-1.1","100","50","30","3","2","15464"
"2015","Josh Reddick","Athletics","149","582","10","2","5.0","143","94","49","0","1","3892"
"2018","Carlos Gonzalez","Rockies","132","504","5","2","3.6","128","76","37","1","4","7287"
"2017","Asdrubal Cabrera","Mets","135","540","3","2","-8.9","134","88","50","5","1","4962"
"2019","Franmil Reyes","- - -","150","548","0","0","-3.2","123","67","47","0","1","14566"
"2015","Xander Bogaerts","Red Sox","156","654","10","2","3.9","196","151","32","3","1","12161"
"2017","Starlin Castro","Yankees","112","473","2","0","1.3","133","98","23","4","1","4579"
"2018","A.J. Pollock","Diamondbacks","113","460","13","2","3.9","106","59","31","8","2","9256"
"2017","Michael A. Taylor","Nationals","118","432","17","7","3.1","108","63","29","1","3","11489"
"2019","David Peralta","Diamondbacks","99","423","0","0","-1.7","105","61","35","5","3","2136"
"2016","Odubel Herrera","Phillies","159","656","25","7","2.3","167","125","63","6","7","11476"
"2017","Trea Turner","Nationals","98","447","46","8","7.8","117","76","30","4","0","16252"
"2018","Joey Wendle","Rays","139","545","16","4","3.0","146","100","37","9","4","13853"
"2015","Chris Coghlan","Cubs","148","503","11","2","3.4","110","63","58","3","6","6878"
"2015","Starling Marte","Pirates","153","633","30","10","-1.4","166","115","27","19","3","9241"
"2015","Adrian Beltre","Rangers","143","619","1","0","4.0","163","109","41","3","4","639"
"2016","Devon Travis","Blue Jays","101","432","4","1","2.3","123","83","20","0","0","13862"
"2018","Scott Schebler","Reds","107","430","4","2","0.3","97","61","39","9","1","12225"
"2018","Jose Abreu","White Sox","128","553","2","0","-1.5","132","73","37","11","7","15676"
"2018","Starling Marte","Pirates","145","606","33","14","2.1","155","98","35","8","2","9241"
"2015","Dee Gordon","Marlins","145","653","58","20","4.8","205","169","25","2","2","8203"
"2016","C.J. Cron","Angels","116","445","2","3","-2.9","113","70","24","7","1","12546"
"2017","Gerardo Parra","Rockies","115","425","2","5","-4.3","121","86","20","4","0","8553"
"2017","Kevin Kiermaier","Rays","98","421","16","7","5.3","105","72","31","5","2","11038"
"2019","Garrett Cooper","Marlins","107","421","0","0","-2.8","107","75","33","5","0","15279"
"2019","Robinson Chirinos","Astros","114","437","1","2","-2.0","87","47","51","13","1","3142"
"2017","Brett Gardner","Yankees","151","682","23","5","6.0","157","106","72","8","2","9927"
"2016","Rougned Odor","Rangers","150","632","14","7","3.9","164","94","19","4","0","12282"
"2017","Kolten Wong","Cardinals","108","411","8","2","3.7","101","67","41","12","11","12532"
"2016","Logan Forsythe","Rays","127","567","6","6","0.2","135","87","46","8","0","7185"
"2016","Ian Desmond","Rangers","156","677","21","6","5.6","178","124","44","5","2","6885"
"2019","Marcell Ozuna","Cardinals","130","549","12","2","1.6","117","64","62","1","2","10324"
"2018","Josh Bell","Pirates","148","583","2","5","-3.3","131","84","77","0","2","13145"
"2019","Jonathan Villar","Orioles","162","714","40","9","10.5","176","114","61","4","0","10071"
"2016","Martin Prado","Marlins","153","658","2","2","-1.9","183","135","49","4","4","3312"
"2016","John Jaso","Pirates","132","432","0","4","-5.1","102","66","45","5","0","5887"
"2016","Matt Holliday","Cardinals","110","426","0","0","-1.9","94","53","35","8","1","1873"
"2015","Stephen Vogt","Athletics","136","511","0","2","-3.7","116","74","56","2","6","5000"
"2015","Robinson Cano","Mariners","156","674","2","6","-8.3","179","123","43","3","5","3269"
"2016","Brandon Drury","Diamondbacks","134","499","1","1","-1.9","130","82","31","3","2","11615"
"2017","Wil Myers","Padres","155","649","20","6","0.6","138","76","70","5","3","10047"
"2019","Manny Machado","Padres","156","661","5","3","-1.7","150","95","65","6","3","11493"
"2015","Yasmani Grandal","Dodgers","115","426","0","1","-4.9","83","55","65","2","1","11368"
"2016","Cesar Hernandez","Phillies","155","622","17","13","0.8","161","130","66","2","4","10556"
"2015","Joc Pederson","Dodgers","151","585","4","7","-0.3","101","55","92","9","6","11899"
"2017","Didi Gregorius","Yankees","136","570","3","1","3.1","153","101","25","3","1","6012"
"2015","Troy Tulowitzki","- - -","128","534","1","0","-3.2","136","92","38","6","5","3531"
"2018","Chris Taylor","Dodgers","155","604","9","6","4.4","136","76","55","9","0","13757"
"2015","Ian Kinsler","Tigers","154","675","10","6","0.5","185","132","43","3","0","6195"
"2017","Todd Frazier","- - -","147","576","4","3","-2.0","101","54","83","14","2","785"
"2015","Kyle Seager","Mariners","161","686","6","6","-3.2","166","103","54","5","6","9785"
"2019","Jose Ramirez","Indians","129","542","24","4","6.7","123","64","52","2","3","13510"
"2016","Adrian Gonzalez","Dodgers","156","633","0","2","-4.9","162","113","55","4","9","1908"
"2017","Robinson Cano","Mariners","150","648","1","0","-3.0","166","110","49","4","8","3269"
"2019","Avisail Garcia","Rays","125","530","10","4","-3.5","138","91","31","7","2","5760"
"2015","Adam Jones","Orioles","137","581","3","1","0.1","147","92","24","8","3","6368"
"2015","Gerardo Parra","- - -","155","589","14","4","2.2","159","104","28","5","3","8553"
"2016","David Freese","Pirates","141","492","0","0","-4.5","118","82","45","10","2","9549"
"2018","Mark Canha","Athletics","122","411","1","2","-0.5","91","52","34","10","3","11445"
"2017","Adam Jones","Orioles","147","635","2","1","1.3","170","115","27","7","1","6368"
"2019","Kolten Wong","Cardinals","148","549","24","4","7.1","136","96","47","13","5","12532"
"2017","Tim Beckham","- - -","137","575","6","5","0.6","148","103","36","4","0","7949"
"2017","Jean Segura","Mariners","125","566","22","8","-0.5","157","114","34","6","3","5933"
"2016","Miguel Sano","Twins","116","495","1","0","-1.4","103","55","54","1","1","12164"
"2015","Rougned Odor","Rangers","120","470","6","7","2.0","111","65","23","14","2","12282"
"2016","Matt Kemp","- - -","156","672","1","0","-0.7","167","93","36","1","6","5631"
"2018","Robinson Chirinos","Rangers","113","426","2","0","-3.5","80","46","45","19","0","3142"
"2015","Odubel Herrera","Phillies","147","537","16","8","2.3","147","106","28","8","0","11476"
"2018","Carlos Santana","Phillies","161","679","2","1","-0.1","128","74","110","1","6","2396"
"2016","J.T. Realmuto","Marlins","137","545","12","4","1.1","154","112","28","5","1","11739"
"2015","Albert Pujols","Angels","157","661","5","3","-4.9","147","85","50","6","10","1177"
"2016","Brad Miller","Rays","152","601","6","4","1.4","133","68","47","3","0","12775"
"2015","A.J. Pierzynski","Braves","113","436","0","2","-4.8","122","88","19","7","2","746"
"2018","Brian Anderson","Marlins","156","670","2","4","-0.6","161","112","62","16","2","18289"
"2018","Robbie Grossman","Twins","129","465","0","1","-4.8","108","75","60","2","0","5254"
"2016","Adam Duvall","Reds","150","608","6","5","0.9","133","63","41","6","1","10950"
"2019","Daniel Vogelbach","Mariners","144","558","0","0","-0.1","96","49","92","2","2","14130"
"2018","Jedd Gyorko","Cardinals","125","402","2","0","-3.8","92","61","44","3","0","10816"
"2015","Dexter Fowler","Cubs","156","690","20","7","-0.1","149","95","84","5","1","4062"
"2015","Pedro Alvarez","Pirates","150","491","2","0","2.8","106","61","48","2","9","2495"
"2017","Kyle Schwarber","Cubs","129","486","1","1","-0.4","89","42","59","5","1","16478"
"2019","James McCann","White Sox","118","476","4","1","0.7","120","75","30","6","1","12859"
"2017","Whit Merrifield","Royals","145","630","34","8","4.4","169","112","29","6","0","11281"
"2019","Brian Goodwin","Angels","136","458","7","3","2.2","108","59","38","3","2","12858"
"2019","Nick Markakis","Braves","116","469","2","0","-1.9","118","82","47","2","1","5930"
"2017","Andrew Benintendi","Red Sox","151","658","20","5","1.4","155","108","70","6","7","17901"
"2017","Josh Harrison","Pirates","128","542","12","4","2.2","132","88","28","23","2","8202"
"2017","J.T. Realmuto","Marlins","141","579","8","2","1.6","148","95","36","8","4","11739"
"2015","Brandon Crawford","Giants","143","561","6","4","-1.2","130","72","39","11","9","5343"
"2019","Joey Votto","Reds","142","608","5","0","-3.9","137","89","76","4","2","4314"
"2018","Asdrubal Cabrera","- - -","147","592","0","0","0.4","143","83","41","3","1","4962"
"2019","Kyle Seager","Mariners","106","443","2","2","0.5","94","51","44","4","0","9785"
"2015","Seth Smith","Mariners","136","452","0","0","-1.4","98","50","47","4","4","7331"
"2019","Christian Vazquez","Red Sox","138","521","4","2","-4.2","133","83","33","0","3","9774"
"2017","Dustin Pedroia","Red Sox","105","463","4","3","-4.7","119","93","49","2","4","8370"
"2015","Matt Duffy","Giants","149","612","12","0","4.5","169","123","30","5","0","13836"
"2019","Asdrubal Cabrera","- - -","131","514","4","0","-4.2","116","72","57","3","2","4962"
"2018","Trea Turner","Nationals","162","740","43","9","8.4","180","128","69","5","3","16252"
"2016","Gregory Polanco","Pirates","144","587","17","6","0.1","136","76","53","0","6","12907"
"2019","Chris Taylor","Dodgers","124","414","8","0","2.5","96","51","37","4","3","13757"
"2016","Albert Pujols","Angels","152","650","4","0","-6.2","159","109","49","2","6","1177"
"2015","Carlos Santana","Indians","154","666","11","3","1.1","127","77","108","3","8","2396"
"2016","Seth Smith","Mariners","137","438","0","0","-2.6","94","63","48","8","1","7331"
"2019","Yasiel Puig","- - -","149","611","19","7","-0.9","148","92","44","8","1","14225"
"2017","Jon Jay","Cubs","141","433","6","2","2.8","112","89","37","12","3","5227"
"2018","Ryan Braun","Brewers","125","447","11","5","0.1","103","57","34","2","5","3410"
"2018","Denard Span","- - -","137","501","9","4","2.4","114","74","51","6","0","8347"
"2018","Ketel Marte","Diamondbacks","153","580","6","1","-1.0","135","83","54","3","3","13613"
"2017","Curtis Granderson","- - -","147","527","6","2","2.9","95","42","71","4","2","4747"
"2019","Kole Calhoun","Angels","152","632","4","1","-1.2","128","65","70","7","7","11200"
"2016","Marcell Ozuna","Marlins","148","608","0","3","-1.0","148","96","43","4","2","10324"
"2017","Scott Schebler","Reds","141","531","5","3","0.7","110","53","39","14","5","12225"
"2019","Ryan McMahon","Rockies","141","539","5","1","0.1","120","73","56","1","1","15112"
"2019","Andrew Benintendi","Red Sox","138","615","10","3","2.7","144","86","59","7","1","17901"
"2018","Kendrys Morales","Blue Jays","130","471","2","3","-5.4","103","67","50","3","5","8610"
"2019","Brian Dozier","Nationals","135","482","3","4","-1.6","99","59","61","4","2","9810"
"2016","Justin Upton","Tigers","153","626","9","4","1.4","140","79","50","4","3","5222"
"2017","Robbie Grossman","Twins","119","456","3","1","0.1","94","62","67","3","0","5254"
"2019","Vladimir Guerrero Jr.","Blue Jays","123","514","0","1","-6.6","126","83","46","2","0","19611"
"2016","Brandon Moss","Cardinals","128","464","1","0","0.2","93","44","39","7","3","4467"
"2017","Chase Headley","Yankees","147","586","9","2","1.2","140","97","60","6","2","4720"
"2018","Ian Happ","Cubs","142","462","8","4","0.4","90","54","70","3","9","17919"
"2018","Daniel Palka","White Sox","124","449","2","1","-0.8","100","55","30","2","3","14897"
"2017","Salvador Perez","Royals","129","499","1","0","-3.6","126","74","17","5","3","7304"
"2019","Scott Kingery","Phillies","126","500","15","4","5.3","118","61","34","5","1","17975"
"2016","Andrew McCutchen","Pirates","153","675","6","7","-2.5","153","100","69","5","7","9847"
"2018","Mike Moustakas","- - -","152","635","4","1","-1.9","144","82","49","7","5","4892"
"2017","Odubel Herrera","Phillies","138","563","8","5","1.0","148","89","31","4","4","11476"
"2019","Eddie Rosario","Twins","137","590","3","1","0.2","155","94","22","0","2","12155"
"2017","Joe Panik","Giants","138","573","4","1","-2.1","147","104","46","5","4","11936"
"2015","Miguel Montero","Cubs","113","403","1","1","-2.7","86","60","49","4","5","3364"
"2018","Maikel Franco","Phillies","131","465","1","0","-2.9","117","77","29","0","7","12179"
"2018","Teoscar Hernandez","Blue Jays","134","523","5","5","-1.3","114","56","41","3","0","13066"
"2019","Todd Frazier","Mets","133","499","1","2","-1.6","112","70","40","12","1","785"
"2017","Matt Kemp","Braves","115","467","0","2","-6.5","121","78","27","0","5","5631"
"2019","Daniel Murphy","Rockies","132","478","1","1","-0.8","122","73","32","2","1","4316"
"2019","Ian Desmond","Rockies","140","482","3","3","-1.7","113","58","34","2","1","6885"
"2019","Jason Heyward","Cubs","147","589","8","3","2.1","129","84","68","5","5","4940"
"2017","Ender Inciarte","Braves","158","718","22","9","2.3","201","158","49","0","3","4922"
"2017","Manny Machado","Orioles","156","690","9","4","-5.0","163","96","50","1","3","11493"
"2016","Jayson Werth","Nationals","143","606","5","1","2.1","128","79","71","4","0","1327"
"2015","DJ LeMahieu","Rockies","150","620","23","3","3.1","170","138","50","1","4","9874"
"2015","Mark Trumbo","- - -","142","545","0","0","-2.0","133","85","36","0","1","6876"
"2015","Brett Gardner","Yankees","151","656","20","5","5.4","148","103","68","6","1","9927"
"2018","Adrian Beltre","Rangers","119","481","1","0","-2.2","118","79","34","6","2","639"
"2015","Nick Markakis","Braves","156","686","2","1","-1.9","181","139","70","3","11","5930"
"2015","Yonder Alonso","Padres","103","402","2","5","-2.6","100","76","42","3","3","2530"
"2019","Wilson Ramos","Mets","141","524","1","0","-5.8","136","103","44","4","5","1433"
"2019","Nomar Mazara","Rangers","116","469","4","1","-0.1","115","68","28","6","2","14553"
"2017","Carlos Gonzalez","Rockies","136","534","3","0","-0.5","123","75","56","2","3","7287"
"2016","Joe Mauer","Twins","134","576","2","0","-2.1","129","92","79","1","10","1857"
"2015","Brian McCann","Yankees","135","535","0","0","-3.3","108","66","52","11","3","4810"
"2016","Brandon Crawford","Giants","155","623","7","0","3.6","152","101","57","4","10","5343"
"2016","Lonnie Chisenhall","Indians","126","418","6","0","3.0","110","72","23","3","2","7571"
"2016","Yunel Escobar","Angels","132","567","0","3","-5.8","157","123","40","3","0","4191"
"2018","Marcell Ozuna","Cardinals","148","628","3","0","4.4","163","122","38","3","2","10324"
"2016","Troy Tulowitzki","Blue Jays","131","544","1","0","-2.8","125","80","43","5","1","3531"
"2018","Brandon Belt","Giants","112","456","4","0","3.2","101","67","49","6","6","10264"
"2017","Adam Duvall","Reds","157","647","5","3","-0.3","146","75","39","10","1","10950"
"2018","Jean Segura","Mariners","144","632","20","11","0.5","178","136","32","4","2","5933"
"2015","Evan Longoria","Rays","160","670","3","1","1.0","163","106","51","6","8","9368"
"2017","Kyle Seager","Mariners","154","650","2","1","-0.9","144","83","58","8","6","9785"
"2018","Derek Dietrich","Marlins","149","551","2","0","-0.3","132","88","29","21","2","10542"
"2018","Harrison Bader","Cardinals","138","427","15","3","7.6","100","66","31","11","3","18030"
"2019","Domingo Santana","Mariners","121","507","8","3","0.5","114","72","50","2","1","10348"
"2017","David Freese","Pirates","130","503","0","1","-4.2","112","86","58","15","5","9549"
"2016","Eric Hosmer","Royals","158","667","5","3","-5.5","161","111","57","1","5","3516"
"2016","Brian McCann","Yankees","130","492","1","0","-3.7","104","71","54","7","2","4810"
"2018","Buster Posey","Giants","105","448","3","2","-3.8","113","85","45","3","3","9166"
"2018","Andrelton Simmons","Angels","146","600","10","2","1.1","162","120","35","5","2","10847"
"2016","Todd Frazier","White Sox","158","666","15","5","0.7","133","72","64","4","1","785"
"2019","Dexter Fowler","Cardinals","150","574","8","5","-0.3","116","72","74","8","1","4062"
"2017","Mitch Moreland","Red Sox","149","576","0","1","-2.4","125","69","57","6","6","3086"
"2017","Javier Baez","Cubs","145","508","10","3","3.8","128","79","30","1","15","12979"
"2019","Roberto Perez","Indians","119","449","0","0","-4.1","93","59","45","4","1","2900"
"2017","Jacoby Ellsbury","Yankees","112","409","22","3","4.7","94","63","41","5","3","4727"
"2018","Yan Gomes","Indians","112","435","0","0","-1.3","107","65","21","8","2","9627"
"2018","Mitch Moreland","Red Sox","124","459","2","0","-4.1","99","57","50","0","2","3086"
"2015","Howie Kendrick","Dodgers","117","495","6","2","2.0","137","104","27","2","1","4229"
"2017","Denard Span","Giants","129","542","12","7","-0.7","135","87","40","3","0","8347"
"2016","Randal Grichuk","Cardinals","132","478","5","4","2.4","107","51","28","3","0","10243"
"2015","Matt Kemp","Padres","154","648","12","2","1.0","158","101","39","5","0","5631"
"2017","Yasmani Grandal","Dodgers","129","482","0","1","-4.3","108","59","40","0","0","11368"
"2015","Ender Inciarte","Diamondbacks","132","561","21","10","3.1","159","121","26","4","0","4922"
"2015","Neil Walker","Pirates","151","603","4","1","2.7","146","95","44","8","5","7539"
"2019","C.J. Cron","Twins","125","499","0","0","-5.6","116","67","29","10","3","12546"
"2015","David Freese","Angels","121","470","1","1","-0.9","109","68","31","12","0","9549"
"2015","Luis Valbuena","Astros","132","493","1","0","-2.4","97","54","50","6","1","4969"
"2015","Daniel Murphy","Mets","130","538","2","2","-0.5","140","86","31","2","10","4316"
"2016","Nori Aoki","Mariners","118","467","7","9","0.6","118","86","34","9","0","13075"
"2019","Teoscar Hernandez","Blue Jays","125","464","6","3","0.7","96","49","45","1","1","13066"
"2017","Brandon Drury","Diamondbacks","135","480","1","1","-0.4","119","67","28","5","1","11615"
"2018","Rougned Odor","Rangers","129","535","12","12","0.1","120","77","43","11","2","12282"
"2018","Nick Williams","Phillies","140","448","3","2","0.4","104","72","32","9","2","14330"
"2018","Justin Bour","- - -","141","501","2","0","-6.2","96","62","73","2","6","9744"
"2015","Yangervis Solarte","Padres","152","571","1","0","-4.7","142","91","34","6","0","5352"
"2019","Jonathan Schoop","Twins","121","464","1","1","-0.8","111","64","20","10","1","11265"
"2018","Ozzie Albies","Braves","158","684","14","3","5.6","167","98","36","5","0","16556"
"2016","Angel Pagan","Giants","129","543","15","4","1.8","137","96","42","0","1","2918"
"2017","Derek Dietrich","Marlins","135","464","0","1","1.5","101","61","36","18","5","10542"
"2018","Nomar Mazara","Rangers","128","536","1","0","-1.0","126","80","40","4","2","14553"
"2016","Eduardo Nunez","- - -","141","595","40","10","2.9","159","115","29","5","3","6848"
"2016","Josh Reddick","- - -","115","439","8","3","0.6","112","84","39","0","5","3892"
"2019","Justin Smoak","Blue Jays","121","500","0","0","-4.5","86","48","79","6","3","9054"
"2018","Yuli Gurriel","Astros","136","573","5","1","-3.1","156","109","23","6","0","19198"
"2017","Jorge Bonifacio","Royals","113","422","1","1","0.2","98","65","35","2","0","12174"
"2018","Matt Duffy","Rays","132","560","12","6","-3.8","148","121","47","7","1","13836"
"2019","Renato Nunez","Orioles","151","599","1","1","0.3","132","77","44","10","1","14503"
"2018","Yadier Molina","Cardinals","123","503","4","3","-3.4","120","80","29","9","0","7007"
"2016","Kevin Kiermaier","Rays","105","414","21","3","6.6","90","56","40","7","1","11038"
"2015","Brian Dozier","Twins","157","704","12","4","2.9","148","77","61","7","2","9810"
"2017","Andrelton Simmons","Angels","158","647","19","6","2.0","164","110","47","3","0","10847"
"2015","Eduardo Escobar","Twins","127","446","2","3","-1.9","107","60","28","2","1","6153"
"2017","Trevor Story","Rockies","145","555","7","2","1.0","120","61","49","2","4","12564"
"2015","Jhonny Peralta","Cardinals","155","640","1","4","-6.9","159","115","50","5","6","1738"
"2015","Mark Canha","Athletics","124","485","7","2","2.0","112","71","33","8","0","11445"
"2018","DJ LeMahieu","Rockies","128","581","6","5","-1.6","147","98","37","2","0","9874"
"2018","Niko Goodrum","Tigers","131","492","12","4","2.7","109","61","42","4","1","12092"
"2017","Adam Frazier","Pirates","121","454","9","5","2.7","112","80","36","8","2","15223"
"2019","Evan Longoria","Giants","129","508","3","1","-1.3","115","74","43","7","1","9368"
"2018","Colin Moran","Pirates","144","465","0","2","-4.0","115","84","39","4","4","16909"
"2016","Lorenzo Cain","Royals","103","434","14","5","1.1","114","85","31","2","3","9077"
"2016","Russell Martin","Blue Jays","137","535","2","1","-1.8","105","69","64","10","1","4616"
"2019","Paul DeJong","Cardinals","159","664","9","5","2.3","136","74","62","13","1","18015"
"2015","Brock Holt","Red Sox","129","509","8","1","5.2","127","92","46","3","0","9345"
"2018","Matt Davidson","White Sox","126","496","0","0","-2.2","99","56","52","7","0","7226"
"2017","Xander Bogaerts","Red Sox","148","635","15","1","8.3","156","108","56","6","6","12161"
"2018","Aledmys Diaz","Blue Jays","130","452","3","4","-3.2","111","67","23","3","2","15937"
"2016","Cameron Rupp","Phillies","105","419","1","0","-2.7","98","55","24","5","0","11146"
"2015","Mike Napoli","- - -","133","469","3","3","-2.7","91","52","57","4","3","3057"
"2015","Trevor Plouffe","Twins","152","632","2","1","-1.6","140","79","50","4","0","7462"
"2019","Anthony Santander","Orioles","93","405","1","2","-0.2","99","58","19","2","0","14551"
"2018","Willson Contreras","Cubs","138","544","4","1","-5.0","118","76","53","13","2","11609"
"2018","Paul DeJong","Cardinals","115","490","1","1","2.7","105","60","36","12","2","18015"
"2016","Nick Markakis","Braves","158","684","0","2","-2.6","161","110","71","5","9","5930"
"2017","Nick Markakis","Braves","160","670","0","2","-0.9","163","115","68","6","8","5930"
"2019","Oscar Mercado","Indians","115","482","15","4","3.5","118","75","28","5","0","16375"
"2017","Matt Holliday","Yankees","105","427","1","0","-3.2","86","49","46","3","0","1873"
"2016","Jonathan Schoop","Orioles","162","647","1","2","-0.8","164","100","21","8","0","11265"
"2018","Cesar Hernandez","Phillies","161","708","19","6","0.1","153","120","95","4","4","10556"
"2019","Adam Frazier","Pirates","152","608","5","5","0.7","154","104","40","9","4","15223"
"2017","Eduardo Escobar","Twins","129","499","5","1","3.1","116","74","33","5","3","6153"
"2019","Hunter Renfroe","Padres","140","494","5","0","-0.4","95","42","46","2","1","15464"
"2017","Ryon Healy","Athletics","149","605","0","1","-1.8","156","102","23","4","0","15447"
"2017","Kendrys Morales","Blue Jays","150","608","0","0","-9.4","139","86","43","5","2","8610"
"2015","Chris Carter","Astros","129","460","1","2","-2.2","78","37","57","6","1","9911"
"2015","Brad Miller","Mariners","144","497","13","4","0.4","113","76","47","2","0","12775"
"2018","Jason Heyward","Cubs","127","489","1","1","4.3","119","84","42","2","1","4940"
"2017","Melky Cabrera","- - -","156","666","1","2","-3.8","177","128","36","2","1","4022"
"2019","Brandon Belt","Giants","156","616","4","3","-1.6","123","71","83","3","3","10264"
"2018","Yonder Alonso","Indians","145","574","0","0","-0.9","129","87","51","2","1","2530"
"2016","Welington Castillo","Diamondbacks","113","457","2","0","-3.3","110","72","33","4","3","3256"
"2018","Jose Peraza","Reds","157","683","23","6","3.8","182","133","29","9","4","13593"
"2018","Joe Mauer","Twins","127","543","0","1","-0.2","137","103","51","2","5","1857"
"2015","Asdrubal Cabrera","Rays","143","551","6","3","0.3","134","86","36","3","4","4962"
"2019","Alex Gordon","Royals","150","633","5","3","-2.4","148","103","51","19","4","5209"
"2016","Ender Inciarte","Braves","131","578","16","7","4.5","152","118","45","4","5","4922"
"2016","Didi Gregorius","Yankees","153","597","7","1","3.6","155","101","19","6","2","6012"
"2016","Corey Dickerson","Rays","148","548","0","2","-0.8","125","62","33","2","6","10762"
"2016","Adam Jones","Orioles","152","672","2","0","1.4","164","116","39","5","2","6368"
"2019","Miguel Cabrera","Tigers","136","549","0","0","-6.3","139","106","48","3","4","1744"
"2019","Hanser Alberto","Orioles","139","550","4","4","-1.7","160","125","16","4","1","11902"
"2016","Nomar Mazara","Rangers","145","568","0","2","-3.4","137","101","39","6","1","14553"
"2019","Amed Rosario","Mets","157","655","19","10","1.3","177","125","31","3","2","15518"
"2015","C.J. Cron","Angels","113","404","3","1","0.6","99","65","17","5","1","12546"
"2017","Hanley Ramirez","Red Sox","133","553","1","3","-5.3","120","73","51","6","8","8001"
"2019","David Fletcher","Angels","154","653","8","3","-0.8","173","133","55","0","2","17992"
"2015","Martin Prado","Marlins","129","551","1","0","-0.1","144","111","37","5","4","3312"
"2018","Marwin Gonzalez","Astros","145","552","2","3","-2.7","121","77","53","3","3","5497"
"2017","Nomar Mazara","Rangers","148","616","2","2","-2.2","140","88","55","4","6","14553"
"2016","Brett Gardner","Yankees","148","634","16","4","7.1","143","108","70","8","0","9927"
"2015","Billy Burns","Athletics","125","555","26","8","5.4","153","121","26","6","1","12701"
"2019","Dansby Swanson","Braves","127","545","10","5","3.9","121","75","51","5","2","18314"
"2015","Kole Calhoun","Angels","159","686","4","1","3.2","161","110","45","5","1","11200"
"2015","Delino DeShields","Rangers","121","492","25","8","7.2","111","77","53","3","1","11379"
"2015","Evan Gattis","Astros","153","604","0","1","-2.6","139","81","30","3","3","11003"
"2015","Marlon Byrd","- - -","135","544","2","1","0.3","125","72","29","4","2","950"
"2016","Paulo Orlando","Royals","128","484","14","3","0.6","138","105","13","7","1","8628"
"2017","Tucker Barnhart","Reds","121","423","4","0","-3.5","100","67","42","3","11","10200"
"2019","Victor Robles","Nationals","155","617","28","9","4.2","139","86","35","25","3","18363"
"2016","Jace Peterson","Braves","115","408","5","5","-1.8","89","65","52","1","2","12325"
"2016","Addison Russell","Cubs","151","598","5","1","1.1","125","76","55","12","6","14106"
"2018","Max Kepler","Twins","156","611","4","5","0.8","119","65","71","5","2","12144"
"2015","Steven Souza Jr.","Rays","110","426","12","6","4.1","84","52","46","5","0","5667"
"2016","Eugenio Suarez","Reds","159","627","11","5","-1.2","140","92","51","8","0","12552"
"2018","Wilmer Flores","Mets","126","429","0","0","-4.2","103","67","29","5","1","5827"
"2019","Wil Myers","Padres","155","490","16","7","-0.6","104","63","51","2","0","10047"
"2016","Cheslor Cuthbert","Royals","128","510","2","0","-4.2","130","89","32","0","0","10473"
"2017","Hunter Renfroe","Padres","122","479","3","0","0.7","103","51","27","6","1","15464"
"2016","Javier Baez","Cubs","142","450","12","3","2.8","115","81","15","11","3","12979"
"2015","Eddie Rosario","Twins","122","474","11","6","4.8","121","75","15","0","3","12155"
"2017","Brandon Phillips","- - -","144","604","11","8","-2.3","163","115","21","8","1","791"
"2017","Yadier Molina","Cardinals","136","543","9","4","-5.1","137","91","28","4","4","7007"
"2015","Ben Revere","- - -","152","634","31","7","7.8","181","150","32","2","0","4712"
"2019","Niko Goodrum","Tigers","112","472","12","3","6.9","105","61","46","1","1","12092"
"2015","Carlos Gomez","- - -","115","477","17","9","5.2","111","69","31","7","1","4881"
"2017","Randal Grichuk","Cardinals","122","442","6","1","3.0","98","48","26","2","3","10243"
"2015","Brandon Phillips","Reds","148","623","23","3","3.8","173","140","27","4","1","791"
"2018","Starlin Castro","Marlins","154","647","6","4","-1.7","165","119","48","0","3","4579"
"2017","Ben Gamel","Mariners","134","550","4","1","3.4","140","97","36","1","1","12160"
"2018","Adam Jones","Orioles","145","613","7","1","-0.9","163","113","24","5","1","6368"
"2019","Cesar Hernandez","Phillies","161","667","9","2","1.5","171","123","45","6","4","10556"
"2016","Tim Anderson","White Sox","99","431","10","2","0.3","116","79","13","1","0","15172"
"2019","Colin Moran","Pirates","149","503","0","1","-3.4","129","85","30","3","4","16909"
"2017","Jason Castro","Twins","110","407","0","0","-2.4","86","54","45","4","1","8722"
"2019","Jean Segura","Phillies","144","618","10","2","5.7","161","108","30","8","1","5933"
"2018","Ian Desmond","Rockies","160","619","20","6","0.0","131","80","53","6","0","6885"
"2016","Marcus Semien","Athletics","159","621","10","2","-0.5","135","79","51","0","1","12533"
"2017","Delino DeShields","Rangers","120","440","29","8","9.2","101","78","44","3","0","11379"
"2015","Jose Iglesias","Tigers","120","454","11","8","-6.0","125","103","25","6","2","10231"
"2017","Max Kepler","Twins","147","568","6","1","3.1","124","71","47","6","2","12144"
"2018","Odubel Herrera","Phillies","148","597","5","2","1.7","140","96","38","7","3","11476"
"2019","Nick Senzel","Reds","104","414","14","5","-0.4","96","60","30","3","0","19293"
"2019","Matt Carpenter","Cardinals","129","492","6","1","0.2","94","57","63","7","0","8090"
"2016","Brandon Phillips","Reds","141","584","14","8","-3.4","160","114","18","8","3","791"
"2017","Kole Calhoun","Angels","155","654","5","1","-0.5","139","95","71","8","4","11200"
"2019","Nick Ahmed","Diamondbacks","158","625","8","2","2.2","141","83","52","4","2","12147"
"2016","Scooter Gennett","Brewers","136","542","8","1","-2.8","131","86","38","2","1","10339"
"2018","Kolten Wong","Cardinals","127","407","6","5","0.3","88","59","31","14","3","12532"
"2019","Jackie Bradley Jr.","Red Sox","147","567","8","6","0.5","111","59","56","12","3","12984"
"2015","Josh Harrison","Pirates","114","449","10","8","2.0","120","86","19","7","1","8202"
"2015","Jonathan Lucroy","Brewers","103","415","1","0","-4.8","98","68","36","1","0","7870"
"2018","Carlos Correa","Astros","110","468","3","0","-0.2","96","60","53","2","3","14162"
"2016","Max Kepler","Twins","113","447","6","2","4.2","93","54","42","3","3","12144"
"2019","Marwin Gonzalez","Twins","114","463","1","0","0.4","112","78","31","6","2","5497"
"2017","Cory Spangenberg","Padres","129","486","11","3","5.1","117","84","34","5","1","12294"
"2017","Yolmer Sanchez","White Sox","141","534","8","9","-1.3","129","90","35","4","2","11602"
"2018","Gerardo Parra","Rockies","142","443","11","4","-0.7","114","91","32","5","3","8553"
"2017","Jackie Bradley Jr.","Red Sox","133","541","8","3","5.0","118","79","48","9","4","12984"
"2016","Starlin Castro","Yankees","151","610","4","0","-1.5","156","105","24","3","1","4579"
"2019","Willy Adames","Rays","152","584","4","2","2.2","135","89","46","3","1","15986"
"2017","Miguel Cabrera","Tigers","130","529","0","1","-8.1","117","79","54","3","6","1744"
"2016","Aaron Hill","- - -","125","429","4","2","2.1","99","75","41","3","2","6104"
"2017","Stephen Piscotty","Cardinals","107","401","3","6","-3.8","80","54","52","5","2","13367"
"2017","Ian Kinsler","Tigers","139","613","14","5","1.5","130","80","55","7","2","6195"
"2017","Evan Longoria","Rays","156","677","6","1","1.4","160","102","46","6","3","9368"
"2017","Jose Reyes","Mets","145","561","24","6","5.4","123","76","50","2","1","1736"
"2016","Zack Cozart","Reds","121","508","4","1","-0.5","117","71","37","2","3","2616"
"2017","Dee Gordon","Marlins","158","695","60","16","9.3","201","170","25","10","0","8203"
"2015","Jorge Soler","Cubs","101","404","3","1","1.2","96","67","32","3","5","14221"
"2017","Chris Davis","Orioles","128","524","1","1","-0.9","98","56","61","3","4","9272"
"2018","Ronald Guzman","Rangers","123","428","1","0","1.2","91","55","33","7","2","14388"
"2016","Chase Utley","Dodgers","138","565","2","2","1.6","129","86","40","11","1","1679"
"2019","Jorge Alfaro","Marlins","130","465","4","4","-5.7","113","80","22","10","1","12180"
"2016","Hernan Perez","Brewers","123","430","34","7","6.4","110","76","18","1","0","5751"
"2018","Jonathan Villar","- - -","141","515","35","5","3.3","121","92","41","5","0","10071"
"2017","Byron Buxton","Twins","140","511","29","1","11.8","117","81","38","4","2","14161"
"2016","Denard Span","Giants","143","637","12","7","2.8","152","113","53","4","2","8347"
"2015","Mark Reynolds","Cardinals","140","432","2","3","-3.1","88","52","44","4","2","7619"
"2018","Josh Reddick","Astros","134","487","7","2","-0.1","105","73","49","0","3","3892"
"2015","Billy Butler","Athletics","151","601","0","0","-11.1","135","91","52","7","4","7399"
"2017","Yangervis Solarte","Padres","128","512","3","0","-3.1","119","80","37","5","4","5352"
"2018","Yoan Moncada","White Sox","149","650","12","6","2.2","136","81","67","1","1","17232"
"2016","Maikel Franco","Phillies","152","630","1","1","-1.4","148","99","40","5","7","12179"
"2017","Jonathan Lucroy","- - -","123","481","1","0","-2.8","112","82","46","8","6","7870"
"2015","Marcus Semien","Athletics","155","601","11","5","0.8","143","98","42","1","1","12533"
"2017","Jason Heyward","Cubs","126","481","4","4","-0.8","112","82","41","3","1","4940"
"2016","Chris Owings","Diamondbacks","119","466","21","2","2.7","121","81","20","5","4","10030"
"2015","Nicholas Castellanos","Tigers","154","595","0","3","-6.4","140","86","39","1","1","11737"
"2018","Jeimer Candelario","Tigers","144","619","3","2","2.8","121","71","66","9","1","13621"
"2018","Evan Gattis","Astros","128","451","1","0","-2.7","92","50","33","3","2","11003"
"2016","Chase Headley","Yankees","140","529","8","2","4.1","117","84","51","6","3","4720"
"2017","Danny Valencia","Mariners","130","500","2","2","-5.9","115","78","40","2","0","6364"
"2015","Joe Mauer","Twins","158","666","2","1","-3.2","157","111","67","1","12","1857"
"2018","Jackie Bradley Jr.","Red Sox","144","535","17","1","5.7","111","61","46","11","3","12984"
"2018","Rafael Devers","Red Sox","121","490","5","2","2.2","108","63","38","0","6","17350"
"2015","Kevin Pillar","Blue Jays","159","628","25","4","8.2","163","118","28","5","1","12434"
"2016","Travis Shaw","Red Sox","145","530","5","1","-1.0","116","64","43","3","4","11982"
"2015","Danny Espinosa","Nationals","118","412","5","2","2.3","88","53","33","6","5","9219"
"2015","Kolten Wong","Cardinals","150","613","15","8","3.2","146","103","36","15","2","12532"
"2018","Eric Hosmer","Padres","157","677","7","4","-4.2","155","104","62","1","10","3516"
"2017","Manuel Margot","Padres","126","529","17","7","1.0","128","90","35","2","0","14712"
"2017","Orlando Arcia","Brewers","153","548","14","7","0.5","140","106","36","1","9","13185"
"2015","Kevin Kiermaier","Rays","151","535","18","5","3.9","133","86","24","2","0","11038"
"2017","Jorge Polanco","Twins","133","544","13","5","3.7","125","79","41","2","1","13152"
"2019","Eric Hosmer","Padres","160","667","0","3","-5.2","164","111","40","3","3","3516"
"2015","Jay Bruce","Reds","157","649","9","5","-2.0","131","66","58","2","8","9892"
"2015","Derek Norris","Padres","147","557","4","1","-1.1","129","80","35","6","1","6867"
"2015","Aramis Ramirez","- - -","137","516","1","0","-6.9","117","68","31","5","3","1002"
"2017","Luis Valbuena","Angels","117","401","0","2","-2.5","69","32","48","1","1","4969"
"2018","Ender Inciarte","Braves","156","660","28","14","6.1","158","115","49","6","1","4922"
"2018","Jason Kipnis","Indians","147","601","7","1","2.5","122","75","60","7","1","9776"
"2016","Jacoby Ellsbury","Yankees","148","626","20","8","2.5","145","107","54","2","1","4727"
"2017","Jordy Mercer","Pirates","145","558","0","4","-0.9","128","85","51","3","13","6547"
"2016","Steven Souza Jr.","Rays","120","468","7","6","2.5","106","71","31","5","0","5667"
"2019","Albert Pujols","Angels","131","545","3","0","-4.4","120","75","43","3","1","1177"
"2019","Harold Ramirez","Marlins","119","446","2","1","0.5","116","82","18","5","1","14387"
"2019","Adam Jones","Diamondbacks","137","528","2","1","-2.0","126","84","31","8","2","6368"
"2016","Adonis Garcia","Braves","134","563","3","2","-1.5","145","102","24","6","4","13777"
"2019","Rowdy Tellez","Blue Jays","111","409","1","1","-1.6","84","44","29","7","3","15679"
"2015","Brandon Moss","- - -","145","526","0","1","-0.6","106","61","49","5","4","4467"
"2019","Robinson Cano","Mets","107","423","0","0","-2.3","100","59","25","5","3","3269"
"2017","Keon Broxton","Brewers","143","463","21","7","1.6","91","52","40","7","1","9253"
"2018","Trey Mancini","Orioles","156","636","0","1","-0.2","141","91","44","5","1","15149"
"2015","Hanley Ramirez","Red Sox","105","430","6","3","-2.7","100","68","21","4","2","8001"
"2019","Josh Reddick","Astros","141","550","5","2","0.4","138","102","36","0","1","3892"
"2015","Ryan Howard","Phillies","129","503","0","0","-1.6","107","54","27","5","2","2154"
"2016","Salvador Perez","Royals","139","546","0","0","-4.3","127","75","22","8","3","7304"
"2018","Marcus Semien","Athletics","159","703","14","6","1.6","161","109","61","1","1","12533"
"2016","Mitch Moreland","Rangers","147","503","1","0","-2.1","107","64","35","8","5","3086"
"2019","Freddy Galvis","- - -","147","589","4","2","-0.8","145","93","28","1","1","6609"
"2018","Tucker Barnhart","Reds","138","522","0","4","-4.2","114","80","54","2","2","10200"
"2015","Cameron Maybin","Braves","141","555","23","6","1.6","135","105","45","1","1","5223"
"2015","Yasmany Tomas","Diamondbacks","118","426","5","2","-3.6","111","80","17","2","0","17171"
"2016","J.J. Hardy","Orioles","115","438","0","0","-2.0","109","71","26","0","1","3797"
"2017","Logan Forsythe","Dodgers","119","439","3","2","0.8","81","56","69","4","1","7185"
"2019","Raimel Tapia","Rockies","138","447","9","3","-0.2","117","80","21","0","0","14350"
"2016","Matt Wieters","Orioles","124","464","1","0","-0.7","103","68","32","5","1","4298"
"2015","Melky Cabrera","White Sox","158","683","3","0","-3.1","172","122","40","2","2","4022"
"2019","Randal Grichuk","Blue Jays","151","628","2","1","-3.8","136","71","35","5","0","10243"
"2015","Chase Headley","Yankees","156","642","0","2","0.2","150","109","51","7","0","4720"
"2019","Starlin Castro","Marlins","162","676","2","2","-4.2","172","115","28","3","2","4579"
"2015","Michael Cuddyer","Mets","117","408","2","0","0.2","98","69","24","4","0","1534"
"2019","Jose Iglesias","Reds","146","530","6","6","-1.9","145","110","20","3","3","10231"
"2018","Brandon Crawford","Giants","151","594","4","5","-0.8","135","91","50","8","13","5343"
"2015","Cesar Hernandez","Phillies","127","452","19","5","3.0","110","85","40","2","1","10556"
"2015","Brett Lawrie","Athletics","149","602","5","2","2.2","146","98","28","5","1","5247"
"2017","Tommy Joseph","Phillies","142","533","1","0","-4.4","119","69","33","2","1","10349"
"2019","Miguel Rojas","Marlins","132","526","9","5","-2.9","137","102","32","5","2","7802"
"2018","Brett Gardner","Yankees","140","609","16","2","8.9","125","86","65","5","0","9927"
"2016","Stephen Vogt","Athletics","137","532","0","0","0.6","123","77","35","4","3","5000"
"2015","Austin Jackson","- - -","136","527","17","10","-0.2","131","94","29","3","0","9848"
"2018","Albert Almora Jr.","Cubs","152","479","1","3","-1.8","127","97","24","3","1","14109"
"2018","Alex Gordon","Royals","141","568","12","2","-0.1","124","87","50","10","4","5209"
"2015","Gregory Polanco","Pirates","153","652","27","10","5.1","152","102","55","1","6","12907"
"2018","Salvador Perez","Royals","129","544","1","1","-5.2","120","70","17","12","0","7304"
"2016","Adam Lind","Mariners","126","430","0","1","-2.8","96","59","26","1","3","8027"
"2015","Torii Hunter","Twins","139","567","2","5","-1.1","125","81","35","6","1","731"
"2015","Anthony Gose","Tigers","140","535","23","11","0.6","123","86","45","3","0","5097"
"2018","Jose Iglesias","Tigers","125","464","15","6","1.3","116","77","19","8","0","10231"
"2018","Brian Dozier","- - -","151","632","12","3","-0.7","119","66","70","4","1","9810"
"2015","Addison Russell","Cubs","142","523","4","3","0.3","115","72","42","3","2","14106"
"2015","Wilmer Flores","Mets","137","510","0","1","0.0","127","89","19","4","2","5827"
"2016","Jordy Mercer","Pirates","149","584","1","1","3.4","133","97","51","5","8","6547"
"2016","Howie Kendrick","Dodgers","146","543","10","2","2.4","124","88","50","3","2","4229"
"2019","Brandon Dixon","Tigers","118","420","5","1","1.1","97","58","21","4","0","15214"
"2015","Johnny Giavotella","Angels","129","502","2","1","1.5","123","89","32","2","0","6740"
"2015","Ruben Tejada","Mets","116","407","2","1","0.2","94","68","38","5","5","5519"
"2017","Hunter Pence","Giants","134","539","2","3","2.7","128","97","40","2","1","8252"
"2017","Victor Martinez","Tigers","107","435","0","0","-6.6","100","74","36","5","3","393"
"2015","Didi Gregorius","Yankees","155","578","5","3","3.3","139","104","33","11","0","6012"
"2016","Alex Gordon","Royals","128","506","8","1","0.6","98","63","52","8","3","5209"
"2019","Yadier Molina","Cardinals","113","452","6","0","-3.8","113","79","23","5","0","7007"
"2017","Kevin Pillar","Blue Jays","154","632","15","6","1.0","150","96","33","6","0","12434"
"2017","Mike Napoli","Rangers","124","485","1","2","-2.1","82","41","49","7","3","3057"
"2019","Lorenzo Cain","Brewers","148","623","18","8","0.4","146","105","50","6","0","9077"
"2015","Marcell Ozuna","Marlins","123","494","2","3","1.4","119","82","30","3","1","10324"
"2018","Kevin Pillar","Blue Jays","142","542","14","3","4.5","129","72","18","6","0","12434"
"2016","Rajai Davis","Indians","134","495","43","6","10.0","113","76","33","5","0","3708"
"2016","Avisail Garcia","White Sox","120","453","4","4","0.2","101","69","34","4","0","5760"
"2016","Andrelton Simmons","Angels","124","483","10","1","-1.6","126","98","28","2","0","10847"
"2017","Ben Zobrist","Cubs","128","496","2","2","-2.0","101","66","54","2","2","7435"
"2019","Rougned Odor","Rangers","145","581","11","9","2.2","107","46","52","5","2","12282"
"2018","Todd Frazier","Mets","115","472","9","4","-0.3","87","51","48","8","1","785"
"2019","Enrique Hernandez","Dodgers","130","460","4","0","1.5","98","61","36","6","3","10472"
"2019","Jurickson Profar","Athletics","139","518","9","1","1.8","100","54","48","8","2","10815"
"2019","Jason Kipnis","Indians","121","511","7","2","0.0","112","71","40","2","2","9776"
"2018","Jon Jay","- - -","143","586","4","3","-2.7","141","112","33","18","0","5227"
"2016","Coco Crisp","- - -","122","498","10","5","0.4","103","59","46","0","2","1572"
"2017","Brandon Crawford","Giants","144","570","3","5","-1.6","131","82","42","1","3","5343"
"2015","Jedd Gyorko","Padres","128","458","0","1","-2.6","104","73","27","5","1","10816"
"2017","Brandon Moss","Royals","118","401","2","0","0.0","75","39","37","0","0","4467"
"2016","Josh Harrison","Pirates","131","522","19","4","3.0","138","102","18","5","0","8202"
"2015","Jose Reyes","- - -","116","519","24","6","1.4","132","98","26","0","0","1736"
"2015","Salvador Perez","Royals","142","553","1","0","-6.8","138","92","13","4","4","7304"
"2017","Cameron Maybin","- - -","114","450","33","8","4.5","90","58","51","2","1","5223"
"2016","Tucker Barnhart","Reds","115","420","1","0","-6.4","97","66","36","2","8","10200"
"2019","Elvis Andrus","Rangers","147","648","31","8","3.5","165","122","34","4","1","8709"
"2016","Joe Panik","Giants","127","526","5","0","2.1","111","73","50","4","5","11936"
"2018","Nick Ahmed","Diamondbacks","153","564","5","4","-1.1","121","67","40","2","2","12147"
"2018","Albert Pujols","Angels","117","498","1","0","-2.9","114","75","28","2","3","1177"
"2019","Robbie Grossman","Athletics","138","482","9","4","0.0","101","71","59","1","2","5254"
"2016","Yonder Alonso","Athletics","156","532","3","1","-2.8","122","81","45","1","1","2530"
"2016","Michael Bourn","- - -","113","413","15","5","2.9","99","75","28","0","0","6387"
"2019","Luis Rengifo","Angels","108","406","2","5","0.5","85","57","40","5","0","19858"
"2016","Marwin Gonzalez","Astros","141","518","12","6","-2.1","123","81","22","5","1","5497"
"2017","Hernan Perez","Brewers","136","458","13","4","2.3","112","76","20","0","1","5751"
"2015","J.T. Realmuto","Marlins","126","467","8","4","0.9","114","76","19","2","2","11739"
"2019","Adalberto Mondesi","Royals","102","443","43","7","6.7","109","70","19","0","0","13769"
"2018","Ian Kinsler","- - -","128","534","16","7","0.8","117","77","40","4","0","6195"
"2019","Buster Posey","Giants","114","445","0","0","-4.9","104","73","34","4","1","9166"
"2015","Cody Asche","Phillies","129","456","1","2","-2.9","104","67","26","4","3","11997"
"2015","Logan Morrison","Mariners","146","511","8","4","-0.8","103","68","47","4","5","9205"
"2016","Leonys Martin","Mariners","143","576","24","6","4.6","128","93","44","3","0","11846"
"2019","Kevin Pillar","- - -","161","645","14","5","6.0","158","97","18","9","4","12434"
"2017","Freddy Galvis","Phillies","162","663","14","5","0.9","155","108","45","4","2","6609"
"2015","Adeiny Hechavarria","Marlins","130","499","7","2","-1.0","132","104","23","2","4","10459"
"2016","Melvin Upton Jr.","- - -","149","539","27","8","5.4","117","79","37","2","1","5015"
"2015","James McCann","Tigers","114","425","0","1","-5.8","106","76","16","3","0","12859"
"2017","Gregory Polanco","Pirates","108","411","8","1","3.0","95","64","27","3","4","12907"
"2015","Ryan Goins","Blue Jays","128","428","2","1","1.6","94","69","39","1","0","9807"
"2017","Matt Davidson","White Sox","118","443","0","1","-4.1","91","48","19","5","0","7226"
"2018","Yolmer Sanchez","White Sox","155","662","14","6","0.1","145","93","49","8","0","11602"
"2018","Jordy Mercer","Pirates","117","436","2","0","-1.0","99","62","32","6","9","6547"
"2019","Jake Bauers","Indians","117","423","3","3","1.0","84","55","45","3","0","15194"
"2018","Ryon Healy","Mariners","133","524","0","0","-5.3","116","77","27","2","0","15447"
"2016","Carlos Gomez","- - -","118","453","18","5","0.5","95","59","34","5","2","4881"
"2018","Elvis Andrus","Rangers","97","428","5","3","2.2","101","72","28","3","0","8709"
"2019","Manuel Margot","Padres","151","441","20","4","5.0","93","59","38","2","1","14712"
"2015","Avisail Garcia","White Sox","148","601","7","7","-4.7","142","110","36","8","3","5760"
"2017","Mark Trumbo","Orioles","146","603","1","0","-0.9","131","86","42","1","0","6876"
"2019","Delino DeShields","Rangers","118","408","24","6","4.8","89","66","38","3","0","11379"
"2018","Evan Longoria","Giants","125","512","3","1","-0.2","117","72","22","5","3","9368"
"2016","Kevin Pillar","Blue Jays","146","584","14","6","1.6","146","102","24","6","0","12434"
"2017","Jose Bautista","Blue Jays","157","686","6","3","-4.9","119","69","84","8","3","1887"
"2019","Leury Garcia","White Sox","140","618","15","5","5.6","161","123","21","6","0","5913"
"2018","Tim Anderson","White Sox","153","606","26","8","2.8","136","85","30","4","2","15172"
"2015","Ian Desmond","Nationals","156","641","13","5","5.5","136","88","45","3","0","6885"
"2015","Jacoby Ellsbury","Yankees","111","501","21","9","3.1","116","92","35","7","1","4727"
"2017","Brad Miller","Rays","110","407","5","3","-0.6","68","43","63","2","4","12775"
"2018","Freddy Galvis","Padres","162","656","8","6","0.1","149","100","45","2","2","6609"
"2016","Billy Hamilton","Reds","119","460","58","8","13.1","107","82","36","1","0","10199"
"2019","Rio Ruiz","Orioles","127","413","0","1","-3.2","86","59","40","0","0","14103"
"2016","Danny Espinosa","Nationals","157","601","9","2","4.9","108","69","54","20","12","9219"
"2019","Christin Stewart","Tigers","104","416","0","1","-3.1","86","50","34","7","3","17714"
"2019","Harrison Bader","Cardinals","128","406","11","3","0.7","71","42","46","10","4","18030"
"2018","Dansby Swanson","Braves","136","533","10","4","3.1","114","71","44","2","15","18314"
"2015","Elvis Andrus","Rangers","160","661","25","9","3.7","154","111","46","2","1","8709"
"2018","Eduardo Nunez","Red Sox","127","502","7","2","-6.2","127","91","16","2","0","6848"
"2017","Maikel Franco","Phillies","154","623","0","0","-3.1","132","78","41","2","3","12179"
"2018","Gorkys Hernandez","Giants","142","451","8","5","-2.4","97","64","27","4","1","4146"
"2018","Addison Russell","Cubs","130","465","4","0","3.6","105","78","40","2","2","14106"
"2018","Amed Rosario","Mets","154","592","24","11","5.0","142","99","29","3","4","15518"
"2019","Andrelton Simmons","Angels","103","424","10","2","-1.7","105","79","24","2","1","10847"
"2019","Tony Wolters","Rockies","121","411","0","1","-1.5","94","74","36","8","5","11470"
"2018","Jonathan Schoop","- - -","131","501","1","1","-2.3","110","66","19","4","2","11265"
"2015","Andrelton Simmons","Braves","147","583","5","3","0.7","142","113","39","6","6","10847"
"2019","Khris Davis","Athletics","133","533","0","0","-2.2","106","72","47","3","3","9112"
"2017","Tim Anderson","White Sox","146","606","15","1","3.7","151","104","13","3","0","15172"
"2015","Starlin Castro","Cubs","151","578","5","5","-2.3","145","109","21","5","6","4579"
"2018","Tim Beckham","Orioles","96","402","1","2","-1.9","85","56","27","3","0","7949"
"2018","Manuel Margot","Padres","141","519","11","10","-1.4","117","75","32","2","4","14712"
"2018","Kyle Seager","Mariners","155","630","2","2","-2.0","129","70","38","5","3","9785"
"2017","Guillermo Heredia","Mariners","123","426","1","5","-1.3","96","74","27","11","2","18721"
"2015","Pablo Sandoval","Red Sox","126","505","0","0","-5.1","115","79","25","7","1","5409"
"2018","Mike Zunino","Mariners","113","405","0","0","-2.3","75","37","24","6","0","13265"
"2017","Jonathan Villar","Brewers","122","436","23","8","2.6","97","67","30","0","1","10071"
"2016","Mark Teixeira","Yankees","116","438","2","0","-2.0","79","48","47","2","1","1281"
"2015","Yadier Molina","Cardinals","136","530","3","1","-1.9","132","103","32","0","3","7007"
"2015","Jace Peterson","Braves","152","597","12","10","1.0","126","92","56","3","4","12325"
"2015","Victor Martinez","Tigers","120","485","0","0","-7.3","108","77","31","7","8","393"
"2017","Albert Pujols","Angels","149","636","3","0","-6.3","143","103","37","2","5","1177"
"2018","Carlos Gomez","Rays","118","408","12","3","-0.6","75","49","25","21","0","4881"
"2016","Freddy Galvis","Phillies","158","624","17","6","1.0","141","92","25","3","6","6609"
"2015","Stephen Drew","Yankees","131","428","0","2","-2.0","77","43","37","1","1","4251"
"2019","Kevin Kiermaier","Rays","129","480","19","5","3.5","102","61","26","5","2","11038"
"2019","Joe Panik","- - -","142","491","4","2","-2.3","107","79","43","4","2","11936"
"2018","Yangervis Solarte","Blue Jays","122","506","1","3","-7.7","106","69","31","3","1","5352"
"2015","Freddy Galvis","Phillies","151","603","10","1","4.4","147","121","30","3","1","6609"
"2017","Jose Iglesias","Tigers","130","489","7","4","2.6","118","78","21","1","0","10231"
"2017","Carlos Beltran","Astros","129","509","0","0","-2.8","108","65","33","3","3","589"
"2018","Kole Calhoun","Angels","137","552","6","2","-0.9","102","63","53","1","2","11200"
"2018","Jose Pirela","Padres","146","473","6","3","-4.6","109","79","30","3","1","5485"
"2015","Adam LaRoche","White Sox","127","484","0","0","-1.8","89","56","49","4","0","1904"
"2016","Jose Iglesias","Tigers","137","513","7","4","1.7","119","89","28","8","1","10231"
"2015","Jimmy Rollins","Dodgers","144","563","12","8","-2.1","116","76","44","0","0","971"
"2019","Dee Gordon","Mariners","117","421","22","5","2.9","108","87","18","1","1","8203"
"2016","Jason Heyward","Cubs","142","592","11","4","2.1","122","87","54","5","0","4940"
"2018","Miguel Rojas","Marlins","153","528","6","3","-5.1","123","99","24","9","2","7802"
"2016","Colby Rasmus","Astros","107","417","4","1","0.5","76","51","43","0","0","9893"
"2018","Victor Martinez","Tigers","133","508","0","0","-4.1","117","87","32","2","4","393"
"2019","Maikel Franco","Phillies","123","428","0","0","-3.2","91","57","36","0","19","12179"
"2019","Yolmer Sanchez","White Sox","149","555","5","4","2.0","125","99","44","5","1","11602"
"2019","Brandon Crawford","Giants","147","560","3","2","-0.9","114","77","53","3","5","5343"
"2019","Jarrod Dyson","Diamondbacks","130","452","30","4","8.9","92","72","47","2","0","4866"
"2018","Wilmer Difo","Nationals","148","456","10","3","0.7","94","66","39","2","5","14320"
"2015","Juan Lagares","Mets","143","465","7","3","0.6","114","87","16","4","2","5384"
"2015","Erick Aybar","Angels","156","638","15","6","3.1","161","127","25","4","1","4082"
"2015","Angel Pagan","Giants","133","551","12","4","2.2","134","107","32","1","0","2918"
"2017","Martin Maldonado","Angels","138","471","0","2","-2.7","95","61","15","18","1","6887"
"2015","Alex Rios","Royals","105","411","9","0","1.1","98","70","15","5","0","2090"
"2015","Alexei Ramirez","White Sox","154","622","17","7","-5.1","145","102","31","1","2","5133"
"2017","Ryan Goins","Blue Jays","143","459","3","2","-0.8","99","68","31","0","0","9807"
"2017","Billy Hamilton","Reds","139","633","59","13","9.4","144","112","44","0","0","10199"
"2019","Mallex Smith","Mariners","134","566","46","9","8.5","116","82","42","11","0","13608"
"2016","Alcides Escobar","Royals","162","682","17","4","-1.1","166","129","27","3","2","6310"
"2017","Austin Hedges","Padres","120","417","4","1","-1.0","83","48","23","3","3","12976"
"2018","Adam Duvall","- - -","138","427","2","2","2.5","75","40","37","5","3","10950"
"2018","Billy Hamilton","Reds","153","556","34","10","8.4","119","90","46","1","0","10199"
"2018","Dee Gordon","Mariners","141","588","30","12","3.5","149","120","9","9","0","8203"
"2016","Ryan Zimmerman","Nationals","115","467","4","1","0.9","93","59","29","5","1","4220"
"2015","Nick Ahmed","Diamondbacks","134","459","4","5","2.2","95","63","29","1","1","12147"
"2017","Dansby Swanson","Braves","144","551","3","3","1.6","113","82","59","0","10","18314"
"2018","Martin Maldonado","- - -","119","404","0","1","-3.2","84","56","16","11","0","6887"
"2015","Michael A. Taylor","Nationals","138","511","16","3","-0.3","108","77","35","1","9","11489"
"2018","JaCoby Jones","Tigers","129","467","13","5","3.2","89","50","24","11","0","14818"
"2015","Chase Utley","- - -","107","423","4","0","1.8","79","48","32","10","4","1679"
"2018","Logan Forsythe","- - -","120","416","3","0","1.1","86","68","41","3","1","7185"
"2017","Matt Wieters","Nationals","123","465","1","0","-4.2","95","65","38","1","4","4298"
"2017","Jose Peraza","Reds","143","518","23","8","2.8","126","108","20","7","1","13593"
"2019","Jose Peraza","Reds","141","403","7","6","-1.0","90","64","17","8","0","13593"
"2017","Rougned Odor","Rangers","162","651","15","6","1.8","124","70","32","8","5","12282"
"2016","Erick Aybar","- - -","126","459","3","5","-3.9","101","77","31","6","6","4082"
"2019","Brandon Drury","Blue Jays","120","447","0","1","1.6","91","54","25","1","0","11615"
"2018","Jonathan Lucroy","Athletics","126","454","0","0","-3.6","100","74","29","3","1","7870"
"2015","Alcides Escobar","Royals","148","662","17","5","4.8","157","129","26","8","1","6310"
"2018","Adam Engel","White Sox","143","463","16","8","3.1","101","74","18","8","0","15082"
"2017","Alex Gordon","Royals","148","541","7","4","0.9","99","68","45","14","3","5209"
"2015","Michael Bourn","- - -","141","482","17","7","2.2","101","84","46","0","0","6387"
"2015","Kurt Suzuki","Twins","131","479","0","0","-1.1","104","82","29","7","4","8259"
"2019","Orlando Arcia","Brewers","152","546","8","5","0.9","110","78","43","1","5","13185"
"2017","Alcides Escobar","Royals","162","629","4","7","3.5","150","103","15","4","1","6310"
"2015","Jean Segura","Brewers","142","584","25","6","2.9","144","117","13","6","2","5933"
"2016","Ketel Marte","Mariners","119","466","11","5","1.3","113","89","18","2","0","13613"
"2015","Eric Sogard","Athletics","120","401","6","1","2.6","92","76","23","2","1","7927"
"2015","Jordy Mercer","Pirates","116","430","3","2","1.3","96","72","27","2","7","6547"
"2015","Wilson Ramos","Nationals","128","504","0","0","-1.7","109","78","21","0","2","1433"
"2016","Alexei Ramirez","- - -","145","506","8","9","-2.6","115","85","21","4","3","5133"
"2018","Scott Kingery","Phillies","147","484","10","3","3.4","102","69","24","3","1","17975"
"2015","Yolmer Sanchez","White Sox","120","420","2","2","-2.1","87","58","19","5","0","11602"
"2018","Alcides Escobar","Royals","140","531","8","2","2.5","112","83","29","5","1","6310"
"2019","Nicky Lopez","Royals","103","402","1","1","-0.6","91","65","18","1","0","19339"
"2018","James McCann","Tigers","118","457","0","3","-4.1","94","70","26","2","0","12859"
"2016","Adeiny Hechavarria","Marlins","155","547","1","0","1.8","120","94","33","1","7","10459"
"2015","Chris Owings","Diamondbacks","147","552","16","4","4.6","117","81","26","1","3","10030"
"2016","Derek Norris","Padres","125","458","9","2","1.6","77","46","36","4","5","6867"
"2015","Billy Hamilton","Reds","114","454","57","8","13.3","93","78","28","1","0","10199"
"2015","Ichiro Suzuki","Marlins","153","438","11","5","-0.9","91","79","31","0","1","1101"
"2018","Lewis Brinson","Marlins","109","406","2","1","1.1","76","50","17","4","2","14352"
"2015","J.J. Hardy","Orioles","114","437","0","0","-1.4","90","68","20","0","0","3797"
"2018","Chris Davis","Orioles","128","522","2","0","-1.8","79","51","41","7","2","9272"
"2015","Omar Infante","Royals","124","455","2","2","-0.1","97","65","9","0","0","1609"
