"","game_date","game_pk","venue_name","venue_id","temperature","other_weather","wind","attendance","start_time","elapsed_time","game_id","game_type","home_sport_code","official_scorer","date","status_ind","home_league_id","gameday_sw","airport_code","temperature_wunder","pressure","humidity","time_weather"
"1",2015-05-13,414150,"O.co Coliseum",10,58,"Cloudy","12 mph, Out To RF",22389,12:38:00,"2:33","2015/05/13/bosmlb-oakmlb-1","R","mlb","Chris Thoms","Att","F",103,"P","koak","61","29.97","52","12:53 PM"
"2",2015-05-13,414163,"Chase Field",15,85,"Sunny","5 mph, Out To RF",19026,12:40:00,"3:38","2015/05/13/wasmlb-arimlb-1","R","mlb","Gary Rausch","Att","F",104,"P","kphx","85","28.67","24","12:51 PM"
"3",2015-05-13,414161,"Progressive Field",5,49,"Cloudy","8 mph, L To R",12313,18:10:00,"2:47","2015/05/13/slnmlb-clemlb-1","R","mlb","Chad Broski","Att","F",103,"P","kcle","50","29.56","61","6:51 PM"
"4",2015-05-13,414158,"Citizens Bank Park",2681,67,"Cloudy","14 mph, In From CF",29576,19:06:00,"2:37","2015/05/13/pitmlb-phimlb-1","R","mlb","Jay Dunn","Att","F",104,"P","kphl","65","30.19","37","7:54 PM"
"5",2015-05-13,414162,"Oriole Park at Camden Yards",2,66,"Partly Cloudy","5 mph, In From RF",24654,19:07:00,"2:39","2015/05/13/tormlb-balmlb-1","R","mlb","Dennis Hetrick","Att","F",103,"P","kbwi","61","30.08","44","7:54 PM"
"6",2015-05-13,414155,"Comerica Park",2394,55,"Cloudy","5 mph, L To R",27163,19:08:00,"3:07","2015/05/13/minmlb-detmlb-1","R","mlb","Chuck Klonke","Att","F",103,"P","kdet","51","29.73","59","7:53 PM"
"7",2015-05-13,414149,"Great American Ball Park",2602,68,"Clear","7 mph, Out To RF",17747,19:09:00,"2:06","2015/05/13/atlmlb-cinmlb-1","R","mlb","Mike Cameron","Att","F",104,"P","kluk","63","29.79","46","7:53 PM"
"8",2015-05-13,414156,"Tropicana Field",12,72,"Dome","0 mph, None",11924,19:10:00,"2:41","2015/05/13/nyamlb-tbamlb-1","R","mlb","Bill Mathews","Att","F",103,"P","kpie","82","30.06","71","7:53 PM"
"9",2015-05-13,414154,"Dodger Stadium",22,66,"Partly Cloudy","7 mph, L To R",38316,16:50:00,"3:24","2015/05/13/miamlb-lanmlb-1","R","mlb","Jerry White","Att","F",104,"P","kbur","67","29.06","51","4:53 PM"
"10",2015-05-13,414153,"Globe Life Park in Arlington",13,67,"Cloudy","9 mph, R To L",26258,19:08:00,"2:15","2015/05/13/kcamlb-texmlb-1","R","mlb","Will Rudd","Att","F",103,"P","kdfw","67","29.37","97","7:28 PM"
"11",2015-05-13,414157,"Wrigley Field",17,43,"Partly Cloudy","11 mph, In From LF",33709,19:11:00,"2:37","2015/05/13/nynmlb-chnmlb-1","R","mlb","Bob Rosenberg","Att","F",104,"P","kord","47","29.67","61","7:51 PM"
"12",2015-05-13,414151,"Miller Park",32,68,"Roof Closed","0 mph, None",29679,19:10:00,"3:07","2015/05/13/chamlb-milmlb-1","R","mlb","Tim O'Driscoll","Att","F",104,"P","kmke","43","29.67","56","7:52 PM"
"13",2015-05-13,414160,"Minute Maid Park",2392,73,"Roof Closed","0 mph, None",20725,19:11:00,"3:10","2015/05/13/sfnmlb-houmlb-1","R","mlb","Trey Wilkinson","Att","F",103,"P","khou","78","30.00","84","7:53 PM"
"14",2015-05-13,414152,"Angel Stadium of Anaheim",1,65,"Partly Cloudy","6 mph, Out To RF",30129,19:08:00,"3:18","2015/05/13/colmlb-anamlb-1","R","mlb","Mel Franks","Att","F",103,"P","ksna","61","29.83","67","7:53 PM"
"15",2015-05-13,414159,"Safeco Field",680,56,"Roof Closed","1 mph, None",14547,19:10:00,"2:59","2015/05/13/sdnmlb-seamlb-1","R","mlb","Dan Peterson","Att","F",103,"P","kbfi","55","29.90","80","7:53 PM"
"16",2015-05-14,414172,"Progressive Field",5,56,"Partly Cloudy","9 mph, In From CF",15865,12:10:00,"3:12","2015/05/14/slnmlb-clemlb-1","R","mlb","Adam Liberman","Att","F",103,"P","kcle","60","29.56","44","12:51 PM"
"17",2015-05-14,414170,"Citizens Bank Park",2681,67,"Partly Cloudy","4 mph, R To L",29205,13:08:00,"2:40","2015/05/14/pitmlb-phimlb-1","R","mlb","Jay Dunn","Att","F",104,"P","kphl","68","30.37","25","1:54 PM"
"18",2015-05-14,414167,"Comerica Park",2394,56,"Partly Cloudy","7 mph, In From CF",31785,13:08:00,"3:03","2015/05/14/minmlb-detmlb-1","R","mlb","Chuck Klonke","Att","F",103,"P","kdet","59","29.71","35","1:53 PM"
"19",2015-05-14,414166,"Globe Life Park in Arlington",13,76,"Cloudy","11 mph, R To L",33818,13:08:00,"3:11","2015/05/14/kcamlb-texmlb-1","R","mlb","Greg Porzucek","Att","F",103,"P","kdfw","77","29.43","76","1:16 PM"
"20",2015-05-14,414169,"Wrigley Field",17,57,"Cloudy","11 mph, In From RF",31496,13:20:00,"2:49","2015/05/14/nynmlb-chnmlb-1","R","mlb","Don Friske","Att","F",104,"P","kord","63","29.50","52","1:51 PM"
"21",2015-05-14,414168,"Tropicana Field",12,72,"Dome","0 mph, None",11977,19:10:00,"2:45","2015/05/14/nyamlb-tbamlb-1","R","mlb","Bill Mathews","Att","F",103,"P","kpie","83","30.08","65","7:20 PM"
"22",2015-05-14,414171,"Great American Ball Park",2602,69,"Overcast","7 mph, R To L",21792,19:11:00,"2:58","2015/05/14/sfnmlb-cinmlb-1","R","mlb","Ronald Roth","Att","F",104,"P","kluk","65","29.67","70","7:53 PM"
"23",2015-05-14,414173,"Minute Maid Park",2392,73,"Roof Closed","0 mph, None",15777,19:10:00,"2:48","2015/05/14/tormlb-houmlb-1","R","mlb","Rick Blount","Att","F",103,"P","khou","78","29.94","81","7:53 PM"
"24",2015-05-14,414164,"Safeco Field",680,63,"Clear","1 mph, Out To CF",20172,19:09:00,"2:53","2015/05/14/bosmlb-seamlb-1","R","mlb","Eric Radovich","Att","F",103,"P","kbfi","63","29.81","52","7:53 PM"
"25",2015-05-14,414165,"Dodger Stadium",22,59,"Overcast","4 mph, R To L",42650,19:09:00,"3:11 (1:25 delay)","2015/05/14/colmlb-lanmlb-1","R","mlb","Ed Munson","Att","F",104,"P","kbur","57","29.02","74","7:53 PM"
"26",2015-05-14,414174,"Petco Park",2680,60,"Drizzle","4 mph, Varies",22710,19:12:00,"2:44 (1:56 delay)","2015/05/14/wasmlb-sdnmlb-1","R","mlb","Bill Zavestoski","Att","F",104,"P","ksan","61","29.88","82","7:25 PM"
"27",2015-05-15,414185,"Wrigley Field",17,73,"Overcast","10 mph, L To R",33617,13:20:00,"5:01","2015/05/15/pitmlb-chnmlb-1","R","mlb","Don Friske","Att","F",104,"P","kord","72","29.27","73","1:51 PM"
"28",2015-05-15,414175,"Oriole Park at Camden Yards",2,70,"Partly Cloudy","2 mph, L To R",35470,19:06:00,"2:23","2015/05/15/anamlb-balmlb-1","R","mlb","Jim Henneman","Att","F",103,"P","kbwi","68","30.02","55","7:54 PM"
"29",2015-05-15,414176,"Citizens Bank Park",2681,73,"Partly Cloudy","12 mph, Out To LF",21383,19:06:00,"3:05","2015/05/15/arimlb-phimlb-1","R","mlb","Mike Maconi","Att","F",104,"P","kphl","68","30.21","31","7:54 PM"
"30",2015-05-15,414177,"Marlins Park",4169,75,"Roof Closed","0 mph, None",18334,19:12:00,"3:10","2015/05/15/atlmlb-miamlb-1","R","mlb","Charlie McCarthy","Att","F",104,"P","kmia","81","30.10","62","7:53 PM"
"31",2015-05-15,414183,"Citi Field",3289,64,"Cloudy","21 mph, Out To LF",27554,19:10:00,"2:18","2015/05/15/milmlb-nynmlb-1","R","mlb","Howie Karpin","Att","F",104,"P","klga","63","30.18","48","7:51 PM"
"32",2015-05-15,414186,"Great American Ball Park",2602,80,"Cloudy","11 mph, R To L",39867,19:11:00,"2:53","2015/05/15/sfnmlb-cinmlb-1","R","mlb","Ronald Roth","Att","F",104,"P","kluk","75","29.51","69","7:53 PM"
"33",2015-05-15,414180,"Globe Life Park in Arlington",13,77,"Partly Cloudy","13 mph, In From CF",29524,19:08:00,"3:17","2015/05/15/clemlb-texmlb-1","R","mlb","Greg Porzucek","Att","F",103,"P","kdfw","73","29.23","81","7:53 PM"
"34",2015-05-15,414184,"Kauffman Stadium",7,77,"Partly Cloudy","6 mph, R To L",34584,19:11:00,"3:12","2015/05/15/nyamlb-kcamlb-1","R","mlb","David Boyce","Att","F",103,"P","kmci","74","28.77","82","7:53 PM"
"35",2015-05-15,414187,"Target Field",3312,64,"Cloudy","1 mph, L To R",24018,19:11:00,"2:29","2015/05/15/tbamlb-minmlb-1","R","mlb","Stew Thornley","Att","F",103,"P","kmsp","64","29.04","60","7:53 PM"
"36",2015-05-15,414188,"Minute Maid Park",2392,73,"Roof Closed","0 mph, None",21653,19:10:00,"2:29","2015/05/15/tormlb-houmlb-1","R","mlb","Trey Wilkinson","Att","F",103,"P","khou","77","29.83","90","7:53 PM"
"37",2015-05-15,414182,"Busch Stadium",2889,74,"Cloudy","8 mph, Out To RF",45601,19:15:00,"3:26","2015/05/15/detmlb-slnmlb-1","R","mlb","Jeff Durbin","Att","F",104,"P","kstl","73","29.37","79","7:51 PM"
"38",2015-05-15,414179,"O.co Coliseum",10,55,"Cloudy","17 mph, Out To RF",21464,19:07:00,"3:34","2015/05/15/chamlb-oakmlb-1","R","mlb","Michael Duca","Att","F",103,"P","koak","57","29.92","72","7:53 PM"
"39",2015-05-15,414178,"Safeco Field",680,64,"Partly Cloudy","6 mph, Out To LF",39477,19:10:00,"2:32","2015/05/15/bosmlb-seamlb-1","R","mlb","Darin Padur","Att","F",103,"P","kbfi","63","29.87","63","7:53 PM"
"40",2015-05-15,414181,"Dodger Stadium",22,65,"Partly Cloudy","7 mph, R To L",46662,19:10:00,"3:34","2015/05/15/colmlb-lanmlb-1","R","mlb","Dennis D'Agostino","Att","F",104,"P","kbur","64","29.01","52","7:53 PM"
"41",2015-05-15,414189,"Petco Park",2680,64,"Clear","17 mph, L To R",26166,19:12:00,"2:43","2015/05/15/wasmlb-sdnmlb-1","R","mlb","Bill Zavestoski","Att","F",104,"P","ksan","62","29.87","62","7:51 PM"
"42",2015-05-16,414192,"Marlins Park",4169,75,"Roof Closed","0 mph, None",18166,13:08:00,"2:59","2015/05/16/atlmlb-miamlb-1","R","mlb","Charlie McCarthy","Att","F",104,"P","kmia","87","30.13","51","1:53 PM"
"43",2015-05-16,414202,"Target Field",3312,69,"Overcast","12 mph, R To L",27128,13:11:00,"3:03","2015/05/16/tbamlb-minmlb-1","R","mlb","Gregg Wong","Att","F",103,"P","kmsp","73","28.96","71","1:53 PM"
"44",2015-05-16,414197,"Busch Stadium",2889,75,"Cloudy","8 mph, Out To LF",45313,13:15:00,"3:54 (1:20 delay)","2015/05/16/detmlb-slnmlb-1","R","mlb","Gary Mueller","Att","F",104,"P","kstl","73","29.40","78","1:23 PM"
"45",2015-05-16,414200,"Wrigley Field",17,79,"Overcast","9 mph, Out To RF",38883,15:05:00,"3:05","2015/05/16/pitmlb-chnmlb-1","R","mlb","Don Friske","Att","F",104,"P","kord","78","29.25","66","3:51 PM"
"46",2015-05-16,414190,"Oriole Park at Camden Yards",2,69,"Overcast","1 mph, Out To LF",29102,20:02:00,"2:28 (:57 delay)","2015/05/16/anamlb-balmlb-1","R","mlb","Dennis Hetrick","Att","F",103,"P","kbwi","68","30.00","93","8:54 PM"
"47",2015-05-16,414191,"Citizens Bank Park",2681,83,"Cloudy","9 mph, Out To CF",33649,19:05:00,"3:14 (1:17 delay)","2015/05/16/arimlb-phimlb-1","R","mlb","Mike Maconi","Att","F",104,"P","kphl","80","30.11","58","7:54 PM"
"48",2015-05-16,414198,"Citi Field",3289,71,"Cloudy","8 mph, Out To LF",30208,19:10:00,"2:56","2015/05/16/milmlb-nynmlb-1","R","mlb","Howie Karpin","Att","F",104,"P","klga","69","30.08","70","7:51 PM"
"49",2015-05-16,414199,"Kauffman Stadium",7,78,"Partly Cloudy","10 mph, R To L",31871,18:10:00,"2:52","2015/05/16/nyamlb-kcamlb-1","R","mlb","David Boyce","Att","F",103,"P","kmci","77","28.66","66","6:53 PM"
"50",2015-05-16,414201,"Great American Ball Park",2602,73,"Overcast","6 mph, Varies",40889,19:10:00,"2:53","2015/05/16/sfnmlb-cinmlb-1","R","mlb","Mike Cameron","Att","F",104,"P","kluk","70","29.58","97","7:53 PM"
"51",2015-05-16,414203,"Minute Maid Park",2392,73,"Roof Closed","0 mph, None",27102,18:11:00,"3:08","2015/05/16/tormlb-houmlb-1","R","mlb","Rick Blount","Att","F",103,"P","khou","83","29.80","74","6:53 PM"
"52",2015-05-16,414195,"Globe Life Park in Arlington",13,84,"Cloudy","15 mph, R To L",31045,19:09:00,"3:37","2015/05/16/clemlb-texmlb-1","R","mlb","Will Rudd","Att","F",103,"P","kdfw","81","29.08","72","7:53 PM"
"53",2015-05-16,414204,"Petco Park",2680,65,"Partly Cloudy","8 mph, L To R",45282,17:43:00,"2:53","2015/05/16/wasmlb-sdnmlb-1","R","mlb","Bill Zavestoski","Att","F",104,"P","ksan","64","30.00","63","5:51 PM"
"54",2015-05-16,414194,"O.co Coliseum",10,58,"Cloudy","16 mph, Out To RF",28445,18:08:00,"3:06","2015/05/16/chamlb-oakmlb-1","R","mlb","Art Santo Domingo","Att","F",103,"P","koak","58","29.99","72","6:53 PM"
"55",2015-05-16,414193,"Safeco Field",680,62,"Overcast","0 mph, Varies",45055,18:11:00,"2:48","2015/05/16/bosmlb-seamlb-1","R","mlb","Eric Radovich","Att","F",103,"P","kbfi","62","29.98","60","6:53 PM"
"56",2015-05-16,414196,"Dodger Stadium",22,66,"Partly Cloudy","6 mph, Out To RF",48378,18:10:00,"2:54","2015/05/16/colmlb-lanmlb-1","R","mlb","Ed Munson","Att","F",104,"P","kbur","66","29.16","56","6:53 PM"
"57",2015-05-17,414207,"Marlins Park",4169,74,"Roof Closed","0 mph, None",23075,13:10:00,"2:15","2015/05/17/atlmlb-miamlb-1","R","mlb","Charlie McCarthy","Att","F",104,"P","kmia","84","30.17","65","1:53 PM"
"58",2015-05-17,414213,"Citi Field",3289,79,"Partly Cloudy","1 mph, Varies",32422,13:11:00,"2:49","2015/05/17/milmlb-nynmlb-1","R","mlb","Howie Karpin","Att","F",104,"P","klga","80","30.09","54","1:51 PM"
"59",2015-05-17,414216,"Great American Ball Park",2602,79,"Cloudy","9 mph, R To L",39209,13:12:00,"3:25 (:24 delay)","2015/05/17/sfnmlb-cinmlb-1","R","mlb","Ronald Roth","Att","F",104,"P","kluk","76","29.61","79","1:53 PM"
"60",2015-05-17,414205,"Oriole Park at Camden Yards",2,81,"Cloudy","6 mph, Out To RF",41733,13:36:00,"2:20","2015/05/17/anamlb-balmlb-1","R","mlb","Mark Jacobson","Att","F",103,"P","kbwi","83","30.00","54","1:54 PM"
"61",2015-05-17,414206,"Citizens Bank Park",2681,82,"Cloudy","9 mph, Out To RF",22123,13:37:00,"2:52","2015/05/17/arimlb-phimlb-1","R","mlb","Jay Dunn","Att","F",104,"P","kphl","81","30.13","58","1:54 PM"
"62",2015-05-17,414214,"Kauffman Stadium",7,74,"Partly Cloudy","19 mph, R To L",31251,13:12:00,"3:03","2015/05/17/nyamlb-kcamlb-1","R","mlb","David Boyce","Att","F",103,"P","kmci","76","28.73","62","1:53 PM"
"63",2015-05-17,414217,"Target Field",3312,73,"Overcast","17 mph, R To L",23708,13:11:00,"3:17","2015/05/17/tbamlb-minmlb-1","R","mlb","Stew Thornley","Att","F",103,"P","kmsp","73","28.72","61","1:53 PM"
"64",2015-05-17,414218,"Minute Maid Park",2392,73,"Roof Closed","0 mph, None",25307,13:12:00,"2:22","2015/05/17/tormlb-houmlb-1","R","mlb","Greg Porzucek","Att","F",103,"P","khou","82","29.96","74","1:16 PM"
"65",2015-05-17,414215,"Wrigley Field",17,77,"Cloudy","23 mph, Out To LF",36289,13:21:00,"3:07","2015/05/17/pitmlb-chnmlb-1","R","mlb","Don Friske","Att","F",104,"P","kord","79","29.18","69","1:46 PM"
"66",2015-05-17,414210,"Globe Life Park in Arlington",13,76,"Partly Cloudy","10 mph, R To L",32189,14:09:00,"2:49","2015/05/17/clemlb-texmlb-1","R","mlb","Steve Weller","Att","F",103,"P","kdfw","76","29.31","74","2:53 PM"
"67",2015-05-17,414209,"O.co Coliseum",10,55,"Cloudy","13 mph, Out To RF",33195,13:07:00,"2:56","2015/05/17/chamlb-oakmlb-1","R","mlb","Art Santo Domingo","Att","F",103,"P","koak","61","30.04","62","1:53 PM"
"68",2015-05-17,414208,"Safeco Field",680,60,"Overcast","5 mph, L To R",39936,13:11:00,"2:31","2015/05/17/bosmlb-seamlb-1","R","mlb","Darin Padur","Att","F",103,"P","kbfi","63","30.05","63","1:53 PM"
"69",2015-05-17,414211,"Dodger Stadium",22,66,"Cloudy","5 mph, L To R",44990,13:10:00,"2:40","2015/05/17/colmlb-lanmlb-1","R","mlb","Jerry White","Att","F",104,"P","kbur","69","29.16","53","1:53 PM"
"70",2015-05-17,414219,"Petco Park",2680,66,"Partly Cloudy","6 mph, L To R",37032,13:13:00,"3:04","2015/05/17/wasmlb-sdnmlb-1","R","mlb","Jack Murray","Att","F",104,"P","ksan","67","30.01","59","1:51 PM"
"71",2015-05-17,414212,"Busch Stadium",2889,80,"Partly Cloudy","12 mph, Out To LF",43654,19:07:00,"2:57","2015/05/17/detmlb-slnmlb-1","R","mlb","Gary Mueller","Att","F",104,"P","kstl","78","29.37","62","7:51 PM"
"72",2015-05-18,414220,"Rogers Centre",14,72,"Partly Cloudy","7 mph, R To L",29306,13:08:00,"3:28","2015/05/18/anamlb-tormlb-1","R","mlb","Roger Lajoie","Att","F",103,"P","cytz","63","29.71","77","2:00 PM"
"73",2015-05-18,414223,"Comerica Park",2394,80,"Cloudy","13 mph, R To L",26016,19:08:00,"3:13","2015/05/18/milmlb-detmlb-1","R","mlb","Chuck Klonke","Att","F",103,"P","kdet","80","29.25","52","7:53 PM"
"74",2015-05-18,414221,"Marlins Park",4169,74,"Roof Closed","0 mph, None",17526,19:12:00,"3:11","2015/05/18/arimlb-miamlb-1","R","mlb","Brennan McDonald","Att","F",104,"P","kmia","81","30.09","62","7:53 PM"
"75",2015-05-18,414226,"Citi Field",3289,62,"Cloudy","12 mph, In From RF",23338,19:11:00,"4:14","2015/05/18/slnmlb-nynmlb-1","R","mlb","David Freeman","Att","F",104,"P","klga","62","30.11","65","7:51 PM"
"76",2015-05-18,414222,"U.S. Cellular Field",4,67,"Clear","19 mph, Out To LF",17712,19:10:00,"2:34","2015/05/18/clemlb-chamlb-1","R","mlb","Bob Rosenberg","Att","F",103,"P","kmdw","63","29.40","45","7:53 PM"
"77",2015-05-18,414224,"Minute Maid Park",2392,73,"Roof Closed","0 mph, None",21724,19:12:00,"3:15","2015/05/18/oakmlb-houmlb-1","R","mlb","Trey Wilkinson","Att","F",103,"P","khou","80","30.00","81","7:53 PM"
"78",2015-05-18,414225,"Coors Field",19,49,"Cloudy","4 mph, In From LF",24061,18:42:00,"3:14","2015/05/18/phimlb-colmlb-1","R","mlb","Dave Plati","Att","F",104,"P","kden","52","24.77","71","6:53 PM"
"79",2015-05-19,414234,"PNC Park",31,72,"Partly Cloudy","14 mph, Out To LF",22357,19:07:00,"2:53","2015/05/19/minmlb-pitmlb-1","R","mlb","Bob Webb","Att","F",104,"P","kpit","63","28.75","58","7:51 PM"
"80",2015-05-19,414235,"Nationals Park",3309,89,"Clear","6 mph, L To R",37355,19:06:00,"3:20","2015/05/19/nyamlb-wasmlb-1","R","mlb","Dave Matheson","Att","F",104,"P","kdca","86","29.82","38","7:52 PM"
"81",2015-05-19,414238,"Oriole Park at Camden Yards",2,80,"Partly Cloudy","6 mph, Out To RF",19494,19:08:00,"2:42","2015/05/19/seamlb-balmlb-1","R","mlb","Jim Henneman","Att","F",103,"P","kbwi","80","29.66","52","7:54 PM"
"82",2015-05-19,414227,"Rogers Centre",14,68,"Roof Closed","0 mph, None",15062,19:07:00,"2:32","2015/05/19/anamlb-tormlb-1","R","mlb","Roger Lajoie","Att","F",103,"P","cytz","52","29.74","62","8:00 PM"
"83",2015-05-19,414233,"Comerica Park",2394,53,"Cloudy","13 mph, In From CF",26994,19:08:00,"2:34","2015/05/19/milmlb-detmlb-1","R","mlb","Chuck Klonke","Att","F",103,"P","kdet","52","29.44","54","7:53 PM"
"84",2015-05-19,414228,"Marlins Park",4169,82,"Clear","15 mph, In From LF",16034,19:11:00,"2:46","2015/05/19/arimlb-miamlb-1","R","mlb","Brennan McDonald","Att","F",104,"P","kmia","80","30.00","62","7:53 PM"
"85",2015-05-19,414239,"Citi Field",3289,72,"Partly Cloudy","13 mph, Out To LF",21157,19:11:00,"2:43","2015/05/19/slnmlb-nynmlb-1","R","mlb","David Freeman","Att","F",104,"P","klga","69","29.74","75","7:51 PM"
"86",2015-05-19,414240,"Turner Field",16,80,"Cloudy","9 mph, L To R",20120,19:10:00,"2:43","2015/05/19/tbamlb-atlmlb-1","R","mlb","Mike Stamus","Att","F",104,"P","katl","77","28.94","71","7:52 PM"
"87",2015-05-19,414241,"Fenway Park",3,64,"Cloudy","9 mph, Out To CF",36580,19:11:00,"2:50","2015/05/19/texmlb-bosmlb-1","R","mlb","Mike Shalin","Att","F",103,"P","kbos","63","29.73","94","7:45 PM"
"88",2015-05-19,414230,"Kauffman Stadium",7,57,"Overcast","12 mph, In From LF",29769,19:10:00,"2:12","2015/05/19/cinmlb-kcamlb-1","R","mlb","Max Utsler","Att","F",103,"P","kmci","55","29.07","69","7:53 PM"
"89",2015-05-19,414231,"U.S. Cellular Field",4,50,"Clear","11 mph, Out To RF",15681,19:11:00,"2:57","2015/05/19/clemlb-chamlb-1","R","mlb","Don Friske","Att","F",103,"P","kmdw","46","29.57","63","7:53 PM"
"90",2015-05-19,414236,"Minute Maid Park",2392,73,"Roof Closed","0 mph, None",17575,19:10:00,"3:21","2015/05/19/oakmlb-houmlb-1","R","mlb","Greg Porzucek","Att","F",103,"P","khou","80","29.89","76","7:53 PM"
"91",2015-05-19,414237,"Coors Field",19,46,"Overcast","4 mph, Out To LF",21249,18:57:00,"2:54 (:17 delay)","2015/05/19/phimlb-colmlb-1","R","mlb","Dave Einspahr","Att","F",104,"P","kden","42","24.63","92","7:53 PM"
"92",2015-05-19,414229,"Petco Park",2680,64,"Clear","7 mph, L To R",25917,19:11:00,"2:47","2015/05/19/chnmlb-sdnmlb-1","R","mlb","Bill Zavestoski","Att","F",104,"P","ksan","63","29.97","65","7:51 PM"
"93",2015-05-19,414232,"AT&T Park",2395,57,"Cloudy","13 mph, Out To CF",41392,19:15:00,"2:59","2015/05/19/lanmlb-sfnmlb-1","R","mlb","Chris Thoms","Att","F",104,"P","ksfo","57","30.01","74","7:56 PM"
"94",2015-05-20,414251,"Minute Maid Park",2392,73,"Roof Closed","0 mph, None",21066,13:11:00,"3:02","2015/05/20/oakmlb-houmlb-1","R","mlb","Greg Porzucek","Att","F",103,"P","khou","84","29.92","70","1:45 PM"
"95",2015-05-20,414249,"PNC Park",31,54,"Partly Cloudy","2 mph, Out To RF",21718,19:07:00,"3:56","2015/05/20/minmlb-pitmlb-1","R","mlb","Tony Krizmanich","Att","F",104,"P","kpit","53","28.77","55","7:51 PM"
"96",2015-05-20,414250,"Nationals Park",3309,72,"Clear","10 mph, L To R",37648,19:05:00,"2:43","2015/05/20/nyamlb-wasmlb-1","R","mlb","Dave Matheson","Att","F",104,"P","kdca","68","29.97","39","7:52 PM"
"97",2015-05-20,414253,"Oriole Park at Camden Yards",2,66,"Clear","4 mph, In From RF",21710,19:07:00,"2:38","2015/05/20/seamlb-balmlb-1","R","mlb","Ryan Eigenbrode","Att","F",103,"P","kbwi","65","29.83","45","7:54 PM"
"98",2015-05-20,414242,"Rogers Centre",14,68,"Roof Closed","0 mph, None",16402,19:07:00,"2:36","2015/05/20/anamlb-tormlb-1","R","mlb","Roger Lajoie","Att","F",103,"P","cytz","59","29.75","31","8:00 PM"
"99",2015-05-20,414248,"Comerica Park",2394,56,"Partly Cloudy","8 mph, In From RF",27716,19:08:00,"3:05","2015/05/20/milmlb-detmlb-1","R","mlb","Chuck Klonke","Att","F",103,"P","kdet","55","29.42","42","7:53 PM"
"100",2015-05-20,414243,"Marlins Park",4169,82,"Partly Cloudy","13 mph, In From CF",17158,19:11:00,"2:36","2015/05/20/arimlb-miamlb-1","R","mlb","Ron Jernick","Att","F",104,"P","kmia","81","29.94","72","7:53 PM"
"101",2015-05-20,414254,"Citi Field",3289,60,"Partly Cloudy","23 mph, L To R",23726,19:10:00,"2:43","2015/05/20/slnmlb-nynmlb-1","R","mlb","David Freeman","Att","F",104,"P","klga","58","29.93","46","7:51 PM"
"102",2015-05-20,414255,"Turner Field",16,84,"Partly Cloudy","8 mph, L To R",24549,19:10:00,"2:34","2015/05/20/tbamlb-atlmlb-1","R","mlb","Mike Stamus","Att","F",104,"P","katl","83","28.82","53","7:52 PM"
"103",2015-05-20,414256,"Fenway Park",3,59,"Cloudy","14 mph, L To R",35726,19:10:00,"3:13","2015/05/20/texmlb-bosmlb-1","R","mlb","Bob Ellis","Att","F",103,"P","kbos","56","29.83","42","7:54 PM"
"104",2015-05-20,414245,"Kauffman Stadium",7,52,"Cloudy","9 mph, L To R",30450,19:10:00,"2:44","2015/05/20/cinmlb-kcamlb-1","R","mlb","Max Utsler","Att","F",103,"P","kmci","50","29.08","89","7:53 PM"
"105",2015-05-20,414246,"U.S. Cellular Field",4,51,"Drizzle","8 mph, Out To RF",15146,19:41:00,"2:56 (:31 delay)","2015/05/20/clemlb-chamlb-1","R","mlb","Don Friske","Att","F",103,"P","kmdw","46","29.47","76","7:53 PM"
"106",2015-05-20,414252,"Coors Field",19,40,"Rain","7 mph, R To L",21714,18:42:00,"2:50","2015/05/20/phimlb-colmlb-1","R","mlb","Dave Plati","Att","F",104,"P","kden","40","24.77","93","6:46 PM"
"107",2015-05-20,414244,"Petco Park",2680,64,"Partly Cloudy","6 mph, Varies",25028,19:11:00,"2:57","2015/05/20/chnmlb-sdnmlb-1","R","mlb","Bill Zavestoski","Att","F",104,"P","ksan","62","29.95","62","7:51 PM"
"108",2015-05-20,414247,"AT&T Park",2395,58,"Cloudy","7 mph, Out To CF",41920,19:15:00,"2:36","2015/05/20/lanmlb-sfnmlb-1","R","mlb","Michael Duca","Att","F",104,"P","ksfo","57","29.95","74","7:56 PM"
"109",2015-05-21,414258,"Marlins Park",4169,76,"Roof Closed","0 mph, None",20692,12:12:00,"3:02","2015/05/21/arimlb-miamlb-1","R","mlb","Ron Jernick","Att","F",104,"P","kmia","88","29.99","53","12:53 PM"
"110",2015-05-21,414266,"Oriole Park at Camden Yards",2,51,"Rain","2 mph, In From RF",33085,12:47:00,"3:30 (2:17 delay)","2015/05/21/seamlb-balmlb-1","R","mlb","Jim Henneman","Att","F",103,"P","kbwi","50","29.85","80","12:54 PM"
"111",2015-05-21,414261,"Comerica Park",2394,59,"Cloudy","9 mph, Out To LF",33193,13:09:00,"3:40","2015/05/21/houmlb-detmlb-1","R","mlb","Chuck Klonke","Att","F",103,"P","kdet","60","29.30","38","1:53 PM"
"112",2015-05-21,414267,"Citi Field",3289,63,"Cloudy","3 mph, Out To LF",32783,13:10:00,"2:26","2015/05/21/slnmlb-nynmlb-1","R","mlb","Howie Karpin","Att","F",104,"P","klga","60","29.94","33","1:51 PM"
"113",2015-05-21,414265,"Coors Field",19,53,"Cloudy","3 mph, R To L",25418,13:11:00,"3:15","2015/05/21/phimlb-colmlb-1","R","mlb","Dave Einspahr","Att","F",104,"P","kden","55","24.70","67","1:53 PM"
"114",2015-05-21,414262,"AT&T Park",2395,62,"Cloudy","10 mph, Out To RF",41840,12:45:00,"2:54","2015/05/21/lanmlb-sfnmlb-1","R","mlb","Michael Duca","Att","F",104,"P","ksfo","65","29.94","61","12:56 PM"
"115",2015-05-21,414257,"Rogers Centre",14,68,"Roof Closed","0 mph, None",19014,19:09:00,"2:22","2015/05/21/anamlb-tormlb-1","R","mlb","Stephen Utter","Att","F",103,"P","cytz","63","29.56","30","7:47 PM"
"116",2015-05-21,414263,"Turner Field",16,74,"Partly Cloudy","17 mph, L To R",18239,19:12:00,"2:49","2015/05/21/milmlb-atlmlb-1","R","mlb","Jack Wilkinson","Att","F",104,"P","katl","68","28.92","61","7:52 PM"
"117",2015-05-21,414264,"Tropicana Field",12,72,"Dome","0 mph, None",10605,19:12:00,"2:58","2015/05/21/oakmlb-tbamlb-1","R","mlb","Tim Clodjeaux","Att","F",103,"P","kpie","81","29.97","72","7:53 PM"
"118",2015-05-21,414268,"Fenway Park",3,64,"Overcast","10 mph, Out To LF",34945,19:12:00,"2:49","2015/05/21/texmlb-bosmlb-1","R","mlb","Charlie Scoggins","Att","F",103,"P","kbos","59","29.84","49","7:54 PM"
"119",2015-05-21,414260,"U.S. Cellular Field",4,69,"Clear","9 mph, L To R",18321,19:11:00,"3:04","2015/05/21/clemlb-chamlb-1","R","mlb","Bob Rosenberg","Att","F",103,"P","kmdw","67","29.35","32","7:53 PM"
"120",2015-05-21,414259,"Petco Park",2680,64,"Cloudy","12 mph, Out To RF",30021,18:12:00,"2:08","2015/05/21/chnmlb-sdnmlb-1","R","mlb","Bill Zavestoski","Att","F",104,"P","ksan","64","29.97","60","6:51 PM"
"121",2015-05-22,414276,"PNC Park",31,64,"Clear","15 mph, Out To CF",33337,19:06:00,"2:24","2015/05/22/nynmlb-pitmlb-1","R","mlb","Bob Hertzel","Att","F",104,"P","kpit","60","28.94","27","7:51 PM"
"122",2015-05-22,414278,"Nationals Park",3309,73,"Partly Cloudy","5 mph, In From RF",35893,19:06:00,"2:35","2015/05/22/phimlb-wasmlb-1","R","mlb","Todd Jacobson","Att","F",104,"P","kdca","75","30.10","27","7:52 PM"
"123",2015-05-22,414283,"Yankee Stadium",3313,70,"Partly Cloudy","14 mph, Out To CF",40008,19:07:00,"3:19","2015/05/22/texmlb-nyamlb-1","R","mlb","Howie Karpin","Att","F",103,"P","klga","69","29.96","35","7:51 PM"
"124",2015-05-22,414280,"Rogers Centre",14,68,"Roof Closed","0 mph, None",21195,19:08:00,"2:30","2015/05/22/seamlb-tormlb-1","R","mlb","Stephen Utter","Att","F",103,"P","cytz","50","29.95","40","8:00 PM"
"125",2015-05-22,414273,"Comerica Park",2394,65,"Clear","9 mph, R To L",37276,19:08:00,"2:47","2015/05/22/houmlb-detmlb-1","R","mlb","Ron Kleinfelter","Att","F",103,"P","kdet","57","29.58","42","7:53 PM"
"126",2015-05-22,414269,"Fenway Park",3,69,"Partly Cloudy","17 mph, Out To RF",36150,19:12:00,"3:35","2015/05/22/anamlb-bosmlb-1","R","mlb","Charlie Scoggins","Att","F",103,"P","kbos","66","29.91","20","7:54 PM"
"127",2015-05-22,414270,"Marlins Park",4169,74,"Roof Closed","0 mph, None",19977,19:13:00,"3:22","2015/05/22/balmlb-miamlb-1","R","mlb","Ron Jernick","Att","F",104,"P","kmia","76","30.11","71","7:53 PM"
"128",2015-05-22,414272,"Progressive Field",5,57,"Clear","9 mph, In From RF",23617,19:12:00,"2:56","2015/05/22/cinmlb-clemlb-1","R","mlb","Bob Maver","Att","F",103,"P","kcle","56","29.42","39","7:51 PM"
"129",2015-05-22,414277,"Tropicana Field",12,72,"Dome","0 mph, None",12329,19:10:00,"3:05","2015/05/22/oakmlb-tbamlb-1","R","mlb","Bill Mathews","Att","F",103,"P","kpie","83","30.09","65","7:53 PM"
"130",2015-05-22,414274,"Turner Field",16,77,"Partly Cloudy","3 mph, In From RF",25774,19:35:00,"2:52","2015/05/22/milmlb-atlmlb-1","R","mlb","Jack Wilkinson","Att","F",104,"P","katl","76","29.10","38","7:52 PM"
"131",2015-05-22,414275,"U.S. Cellular Field",4,56,"Partly Cloudy","12 mph, In From LF",21067,19:10:00,"2:21","2015/05/22/minmlb-chamlb-1","R","mlb","Don Friske","Att","F",103,"P","kmdw","56","29.60","37","7:53 PM"
"132",2015-05-22,414281,"Coors Field",19,54,"Overcast","9 mph, In From RF",31226,18:11:00,"3:33 (1:44 delay)","2015/05/22/sfnmlb-colmlb-1","R","mlb","Dave Plati","Att","F",104,"P","kden","54","24.55","72","6:53 PM"
"133",2015-05-22,414282,"Kauffman Stadium",7,64,"Cloudy","6 mph, R To L",37379,19:11:00,"2:53","2015/05/22/slnmlb-kcamlb-1","R","mlb","David Boyce","Att","F",103,"P","kmci","62","29.10","62","7:53 PM"
"134",2015-05-22,414271,"Chase Field",15,78,"Partly Cloudy","10 mph, Varies",34498,18:40:00,"4:27","2015/05/22/chnmlb-arimlb-1","R","mlb","Rodney Johnson","Att","F",104,"P","kphx","77","28.67","21","6:51 PM"
"135",2015-05-22,414279,"Dodger Stadium",22,64,"Partly Cloudy","9 mph, Out To RF",48514,19:10:00,"2:39","2015/05/22/sdnmlb-lanmlb-1","R","mlb","Ed Munson","Att","F",104,"P","kbur","61","29.21","70","7:53 PM"
"136",2015-05-23,414296,"Coors Field",19,49,"Overcast","6 mph, Out To CF",32956,16:25:00,"3:04 (2:15 delay)","2015/05/23/sfnmlb-colmlb-1","R","mlb","Dave Einspahr","Att","F",104,"P","kden","51","24.52","80","4:35 PM"
"137",2015-05-23,414298,"Yankee Stadium",3313,60,"Sunny","7 mph, Out To RF",42067,13:08:00,"3:03","2015/05/23/texmlb-nyamlb-1","R","mlb","Howie Karpin","Att","F",103,"P","klga","63","30.37","23","1:51 PM"
"138",2015-05-23,414295,"Rogers Centre",14,54,"Sunny","13 mph, Out To CF",33086,13:07:00,"2:25","2015/05/23/seamlb-tormlb-1","R","mlb","Stephen Utter","Att","F",103,"P","cytz","59","30.07","34","2:00 PM"
"139",2015-05-23,414291,"PNC Park",31,73,"Sunny","6 mph, R To L",39385,16:08:00,"2:41","2015/05/23/nynmlb-pitmlb-1","R","mlb","Evan Pattak","Att","F",104,"P","kpit","72","29.06","26","4:51 PM"
"140",2015-05-23,414293,"Nationals Park",3309,69,"Sunny","6 mph, Out To RF",41722,16:07:00,"2:33","2015/05/23/phimlb-wasmlb-1","R","mlb","Todd Jacobson","Att","F",104,"P","kdca","73","30.37","31","4:52 PM"
"141",2015-05-23,414288,"Comerica Park",2394,71,"Sunny","8 mph, R To L",40153,16:08:00,"2:44","2015/05/23/houmlb-detmlb-1","R","mlb","Ron Kleinfelter","Att","F",103,"P","kdet","72","29.63","30","4:53 PM"
"142",2015-05-23,414287,"Progressive Field",5,64,"Sunny","8 mph, In From CF",27315,16:11:00,"2:33","2015/05/23/cinmlb-clemlb-1","R","mlb","Bob Maver","Att","F",103,"P","kcle","71","29.50","29","4:51 PM"
"143",2015-05-23,414289,"Turner Field",16,81,"Sunny","8 mph, R To L",33223,16:15:00,"3:48","2015/05/23/milmlb-atlmlb-1","R","mlb","Jack Wilkinson","Att","F",104,"P","katl","81","29.20","33","4:52 PM"
"144",2015-05-23,414290,"U.S. Cellular Field",4,75,"Sunny","10 mph, Out To RF",38714,15:40:00,"2:12 (:30 delay)","2015/05/23/minmlb-chamlb-1","R","mlb","Bob Rosenberg","Att","F",103,"P","kmdw","82","29.55","23","3:53 PM"
"145",2015-05-23,414292,"Tropicana Field",12,72,"Dome","0 mph, None",15207,16:10:00,"2:55","2015/05/23/oakmlb-tbamlb-1","R","mlb","Bill Mathews","Att","F",103,"P","kpie","91","30.15","48","4:10 PM"
"146",2015-05-23,414284,"Fenway Park",3,63,"Clear","12 mph, In From LF",37735,19:16:00,"3:09","2015/05/23/anamlb-bosmlb-1","R","mlb","Mike Shalin","Att","F",103,"P","kbos","61","30.26","22","7:54 PM"
"147",2015-05-23,414285,"Marlins Park",4169,75,"Roof Closed","0 mph, None",21356,19:15:00,"3:51","2015/05/23/balmlb-miamlb-1","R","mlb","Ron Jernick","Att","F",104,"P","kmia","83","30.15","67","7:53 PM"
"148",2015-05-23,414297,"Kauffman Stadium",7,68,"Overcast","13 mph, R To L",38676,18:15:00,"1:40 (1:10 delay)","2015/05/23/slnmlb-kcamlb-1","R","mlb","David Boyce","Att","FR",103,"P","kmci","65","28.97","87","6:53 PM"
"149",2015-05-23,414286,"Chase Field",15,84,"Clear","8 mph, Varies",30502,19:10:00,"3:14","2015/05/23/chnmlb-arimlb-1","R","mlb","Rodney Johnson","Att","F",104,"P","kphx","80","28.68","19","7:51 PM"
"150",2015-05-23,414294,"Dodger Stadium",22,64,"Partly Cloudy","5 mph, Out To RF",53479,19:09:00,"2:11","2015/05/23/sdnmlb-lanmlb-1","R","mlb","Ed Munson","Att","F",104,"P","kbur","63","29.19","58","7:53 PM"
"151",2015-05-24,414310,"Rogers Centre",14,68,"Partly Cloudy","5 mph, Out To RF",37929,13:07:00,"2:50","2015/05/24/seamlb-tormlb-1","R","mlb","Stephen Utter","Att","F",103,"P","cytz","73","29.92","41","2:00 PM"
"152",2015-05-24,414303,"Comerica Park",2394,75,"Partly Cloudy","11 mph, R To L",36449,13:08:00,"3:22","2015/05/24/houmlb-detmlb-1","R","mlb","Dan Marowski","Att","F",103,"P","kdet","76","29.55","36","1:53 PM"
"153",2015-05-24,414300,"Marlins Park",4169,74,"Roof Closed","0 mph, None",23834,13:11:00,"3:00","2015/05/24/balmlb-miamlb-1","R","mlb","Ron Jernick","Att","F",104,"P","kmia","87","30.14","59","1:53 PM"
"154",2015-05-24,414302,"Progressive Field",5,79,"Sunny","8 mph, Out To RF",23882,13:11:00,"3:07","2015/05/24/cinmlb-clemlb-1","R","mlb","Chad Broski","Att","F",103,"P","kcle","82","29.40","27","1:51 PM"
"155",2015-05-24,414307,"Tropicana Field",12,72,"Dome","0 mph, None",15692,13:10:00,"2:53","2015/05/24/oakmlb-tbamlb-1","R","mlb","Bill Mathews","Att","F",103,"P","kpie","89","30.15","55","1:53 PM"
"156",2015-05-24,414299,"Fenway Park",3,80,"Sunny","22 mph, L To R",37742,13:36:00,"2:37","2015/05/24/anamlb-bosmlb-1","R","mlb","Mike Shalin","Att","F",103,"P","kbos","81","30.16","21","1:54 PM"
"157",2015-05-24,414304,"Turner Field",16,79,"Partly Cloudy","7 mph, R To L",30612,13:35:00,"2:47","2015/05/24/milmlb-atlmlb-1","R","mlb","Jack Wilkinson","Att","F",104,"P","katl","80","29.19","48","1:52 PM"
"158",2015-05-24,414306,"PNC Park",31,77,"Sunny","6 mph, In From CF",37784,13:37:00,"2:46","2015/05/24/nynmlb-pitmlb-1","R","mlb","Bob Hertzel","Att","F",104,"P","kpit","78","29.00","27","1:51 PM"
"159",2015-05-24,414308,"Nationals Park",3309,76,"Sunny","8 mph, Out To CF",41044,13:37:00,"2:45","2015/05/24/phimlb-wasmlb-1","R","mlb","Todd Jacobson","Att","F",104,"P","kdca","79","30.31","50","1:52 PM"
"160",2015-05-24,414305,"U.S. Cellular Field",4,72,"Cloudy","14 mph, L To R",30180,13:11:00,"2:37","2015/05/24/minmlb-chamlb-1","R","mlb","Bob Rosenberg","Att","F",103,"P","kmdw","74","29.39","52","1:53 PM"
"161",2015-05-24,414312,"Kauffman Stadium",7,69,"Cloudy","4 mph, L To R",36342,13:12:00,"2:40","2015/05/24/slnmlb-kcamlb-1","R","mlb","David Boyce","Att","F",103,"P","kmci","69","28.78","84","1:53 PM"
"162",2015-05-24,414301,"Chase Field",15,77,"Roof Closed","4 mph, In From CF",39660,13:10:00,"2:31","2015/05/24/chnmlb-arimlb-1","R","mlb","Rodney Johnson","Att","F",104,"P","kphx","80","28.65","24","1:51 PM"
"163",2015-05-24,414309,"Dodger Stadium",22,69,"Cloudy","6 mph, Out To CF",50182,13:09:00,"2:47","2015/05/24/sdnmlb-lanmlb-1","R","mlb","Ed Munson","Att","F",104,"P","kbur","69","29.15","51","1:53 PM"
"164",2015-05-24,414311,"Coors Field",19,55,"Partly Cloudy","6 mph, Out To LF",34404,16:20:00,"2:49 (2:10 delay)","2015/05/24/sfnmlb-colmlb-1","R","mlb","Dave Einspahr","Att","F",104,"P","kden","58","24.41","47","4:53 PM"
"165",2015-05-24,414313,"Yankee Stadium",3313,69,"Partly Cloudy","13 mph, R To L",45681,20:08:00,"3:25","2015/05/24/texmlb-nyamlb-1","R","mlb","Howie Karpin","Att","F",103,"P","klga","67","30.22","57","8:51 PM"
"166",2015-05-25,414321,"Yankee Stadium",3313,82,"Sunny","13 mph, R To L",36031,13:09:00,"3:12","2015/05/25/kcamlb-nyamlb-1","R","mlb","Billy Altman","Att","F",103,"P","klga","82","30.18","44","1:51 PM"
"167",2015-05-25,414318,"Great American Ball Park",2602,72,"Partly Cloudy","13 mph, R To L",20516,13:13:00,"2:59","2015/05/25/colmlb-cinmlb-1","R","mlb","Ronald Roth","Att","F",104,"P","kluk","73","29.63","73","1:36 PM"
"168",2015-05-25,414323,"Citi Field",3289,81,"Partly Cloudy","15 mph, Out To LF",30946,13:10:00,"3:07","2015/05/25/phimlb-nynmlb-1","R","mlb","Howie Karpin","Att","F",104,"P","klga","82","30.18","44","1:51 PM"
"169",2015-05-25,414320,"Oriole Park at Camden Yards",2,80,"Sunny","5 mph, Out To LF",28909,13:37:00,"2:20","2015/05/25/houmlb-balmlb-1","R","mlb","Jim Henneman","Att","F",103,"P","kbwi","82","30.06","42","1:54 PM"
"170",2015-05-25,414316,"Target Field",3312,63,"Cloudy","14 mph, R To L",29472,13:13:00,"2:52","2015/05/25/bosmlb-minmlb-1","R","mlb","Stew Thornley","Att","F",103,"P","kmsp","66","28.82","73","1:24 PM"
"171",2015-05-25,414326,"Miller Park",32,71,"Roof Closed","0 mph, None",41969,13:11:00,"3:15","2015/05/25/sfnmlb-milmlb-1","R","mlb","Tim O'Driscoll","Att","F",104,"P","kmke","74","29.08","62","1:16 PM"
"172",2015-05-25,414328,"Wrigley Field",17,72,"Overcast","13 mph, Out To CF",38463,13:21:00,"2:39","2015/05/25/wasmlb-chnmlb-1","R","mlb","Bill Seiple","Att","F",104,"P","kord","73","29.18","76","1:35 PM"
"173",2015-05-25,414319,"O.co Coliseum",10,59,"Overcast","13 mph, Out To RF",25380,13:09:00,"2:40","2015/05/25/detmlb-oakmlb-1","R","mlb","David Feldman","Att","F",103,"P","koak","59","29.99","69","1:53 PM"
"174",2015-05-25,414327,"Progressive Field",5,81,"Cloudy","15 mph, Out To RF",13614,16:10:00,"3:32","2015/05/25/texmlb-clemlb-1","R","mlb","Bob Maver","Att","F",103,"P","kcle","79","29.21","52","4:51 PM"
"175",2015-05-25,414314,"Busch Stadium",2889,85,"Partly Cloudy","11 mph, R To L",42853,15:15:00,"3:24","2015/05/25/arimlb-slnmlb-1","R","mlb","Gary Mueller","Att","F",104,"P","kstl","85","29.35","49","3:51 PM"
"176",2015-05-25,414322,"PNC Park",31,81,"Cloudy","13 mph, Out To CF",20046,19:08:00,"2:20","2015/05/25/miamlb-pitmlb-1","R","mlb","Bob Webb","Att","F",104,"P","kpit","80","28.83","48","7:51 PM"
"177",2015-05-25,414317,"Rogers Centre",14,66,"Cloudy","8 mph, Out To RF",15168,19:08:00,"2:10","2015/05/25/chamlb-tormlb-1","R","mlb","Roger Lajoie","Att","F",103,"P","cytz","59","29.66","77","8:00 PM"
"178",2015-05-25,414325,"Tropicana Field",12,72,"Dome","0 mph, None",10401,19:10:00,"2:51","2015/05/25/seamlb-tbamlb-1","R","mlb","Bill Mathews","Att","F",103,"P","kpie","87","30.09","65","7:33 PM"
"179",2015-05-25,414315,"Dodger Stadium",22,68,"Partly Cloudy","5 mph, Out To RF",44680,17:11:00,"2:49","2015/05/25/atlmlb-lanmlb-1","R","mlb","Ed Munson","Att","F",104,"P","kbur","69","29.10","57","5:53 PM"
"180",2015-05-25,414324,"Angel Stadium of Anaheim",1,70,"Partly Cloudy","10 mph, R To L",38055,18:08:00,"3:11","2015/05/25/sdnmlb-anamlb-1","R","mlb","Mel Franks","Att","F",103,"P","ksna","64","29.90","70","6:53 PM"
"181",2015-05-26,414335,"Oriole Park at Camden Yards",2,81,"Clear","5 mph, Out To LF",21541,19:08:00,"2:50","2015/05/26/houmlb-balmlb-1","R","mlb","Mark Jacobson","Att","F",103,"P","kbwi","78","29.97","66","7:54 PM"
"182",2015-05-26,414336,"Yankee Stadium",3313,77,"Partly Cloudy","18 mph, R To L",33414,19:09:00,"2:31","2015/05/26/kcamlb-nyamlb-1","R","mlb","Billy Altman","Att","F",103,"P","klga","74","30.10","62","7:51 PM"
"183",2015-05-26,414337,"PNC Park",31,80,"Partly Cloudy","11 mph, R To L",20806,19:07:00,"2:38","2015/05/26/miamlb-pitmlb-1","R","mlb","Evan Pattak","Att","F",104,"P","kpit","78","28.78","60","7:51 PM"
"184",2015-05-26,414343,"Wrigley Field",17,71,"Clear","17 mph, Out To CF",30440,18:20:00,"2:33","2015/05/26/wasmlb-chnmlb-1","R","mlb","Don Friske","Att","F",104,"P","kord","70","29.06","78","6:38 PM"
"185",2015-05-26,414332,"Rogers Centre",14,70,"Clear","12 mph, Out To CF",17276,19:08:00,"3:12","2015/05/26/chamlb-tormlb-1","R","mlb","Roger Lajoie","Att","F",103,"P","cytz","63","29.68","77","8:00 PM"
"186",2015-05-26,414333,"Great American Ball Park",2602,72,"Cloudy","11 mph, R To L",22523,19:10:00,"2:39","2015/05/26/colmlb-cinmlb-1","R","mlb","Mike Cameron","Att","F",104,"P","kluk","71","29.47","0","7:53 PM"
"187",2015-05-26,414338,"Citi Field",3289,77,"Partly Cloudy","18 mph, Out To LF",21064,19:10:00,"3:17","2015/05/26/phimlb-nynmlb-1","R","mlb","Howie Karpin","Att","F",104,"P","klga","74","30.10","62","7:51 PM"
"188",2015-05-26,414340,"Tropicana Field",12,72,"Dome","0 mph, None",9628,19:10:00,"3:52","2015/05/26/seamlb-tbamlb-1","R","mlb","Bill Mathews","Att","F",103,"P","kpie","74","30.11","93","7:25 PM"
"189",2015-05-26,414342,"Progressive Field",5,82,"Overcast","17 mph, Out To RF",11352,20:06:00,"3:06 (:56 delay)","2015/05/26/texmlb-clemlb-1","R","mlb","Chuck Murr","Att","F",103,"P","kcle","74","29.13","76","8:51 PM"
"190",2015-05-26,414331,"Target Field",3312,58,"Overcast","7 mph, L To R",23268,20:31:00,"2:36 (1:21 delay)","2015/05/26/bosmlb-minmlb-1","R","mlb","Gregg Wong","Att","F",103,"P","kmsp","58","28.89","93","8:53 PM"
"191",2015-05-26,414341,"Miller Park",32,74,"Partly Cloudy","20 mph, R To L",35492,19:11:00,"3:07","2015/05/26/sfnmlb-milmlb-1","R","mlb","Tim O'Driscoll","Att","F",104,"P","kmke","71","28.98","63","7:52 PM"
"192",2015-05-26,414329,"Busch Stadium",2889,78,"Partly Cloudy","10 mph, Out To LF",41107,19:15:00,"2:51","2015/05/26/arimlb-slnmlb-1","R","mlb","Mike Smith","Att","F",104,"P","kstl","78","29.32","50","7:51 PM"
"193",2015-05-26,414334,"O.co Coliseum",10,56,"Partly Cloudy","12 mph, In From RF",22758,19:07:00,"2:58","2015/05/26/detmlb-oakmlb-1","R","mlb","Chuck Dybdal","Att","F",103,"P","koak","58","29.98","72","7:53 PM"
"194",2015-05-26,414339,"Angel Stadium of Anaheim",1,67,"Partly Cloudy","7 mph, Out To RF",32334,19:09:00,"3:24","2015/05/26/sdnmlb-anamlb-1","R","mlb","Ed Munson","Att","F",103,"P","ksna","62","29.92","75","7:53 PM"
"195",2015-05-26,414330,"Dodger Stadium",22,65,"Partly Cloudy","7 mph, Out To RF",40667,19:10:00,"2:38","2015/05/26/atlmlb-lanmlb-1","R","mlb","Jerry White","Att","F",104,"P","kbur","61","29.13","72","7:53 PM"
"196",2015-05-27,414357,"Progressive Field",5,79,"Partly Cloudy","15 mph, Out To RF",15956,12:11:00,"2:47","2015/05/27/texmlb-clemlb-1","R","mlb","Chuck Murr","Att","F",103,"P","kcle","80","29.23","54","12:51 PM"
"197",2015-05-27,414348,"Great American Ball Park",2602,78,"Cloudy","14 mph, R To L",23917,12:35:00,"2:46","2015/05/27/colmlb-cinmlb-1","R","mlb","Mike Cameron","Att","F",104,"P","kluk","78","29.59","66","12:53 PM"
"198",2015-05-27,414352,"PNC Park",31,73,"Cloudy","10 mph, Out To LF",33238,12:37:00,"2:38","2015/05/27/miamlb-pitmlb-1","R","mlb","Tony Krizmanich","Att","F",104,"P","kpit","76","28.85","62","12:51 PM"
"199",2015-05-27,414347,"Rogers Centre",14,66,"Cloudy","14 mph, Out To RF",15463,12:37:00,"3:31","2015/05/27/chamlb-tormlb-1","R","mlb","Roger Lajoie","Att","F",103,"P","cytz","64","29.70","77","1:00 PM"
"200",2015-05-27,414351,"Yankee Stadium",3313,77,"Cloudy","13 mph, R To L",32734,13:09:00,"2:42","2015/05/27/kcamlb-nyamlb-1","R","mlb","Billy Altman","Att","F",103,"P","klga","79","30.12","60","1:51 PM"
"201",2015-05-27,414346,"Target Field",3312,73,"Partly Cloudy","12 mph, Out To LF",30027,12:10:00,"2:29","2015/05/27/bosmlb-minmlb-1","R","mlb","Gregg Wong","Att","F",103,"P","kmsp","76","29.05","54","12:53 PM"
"202",2015-05-27,414353,"Citi Field",3289,77,"Partly Cloudy","14 mph, Out To LF",24406,13:09:00,"2:41","2015/05/27/phimlb-nynmlb-1","R","mlb","Howie Karpin","Att","F",104,"P","klga","79","30.12","60","1:51 PM"
"203",2015-05-27,414355,"Tropicana Field",12,72,"Dome","0 mph, None",10365,13:10:00,"2:13","2015/05/27/seamlb-tbamlb-1","R","mlb","Bill Mathews","Att","F",103,"P","kpie","87","30.14","53","1:53 PM"
"204",2015-05-27,414356,"Miller Park",32,72,"Roof Closed","0 mph, None",35208,12:41:00,"3:00","2015/05/27/sfnmlb-milmlb-1","R","mlb","Tim O'Driscoll","Att","F",104,"P","kmke","69","29.21","61","12:52 PM"
"205",2015-05-27,414349,"O.co Coliseum",10,56,"Partly Cloudy","11 mph, Out To RF",20387,12:37:00,"3:06","2015/05/27/detmlb-oakmlb-1","R","mlb","David Feldman","Att","F",103,"P","koak","61","30.03","68","12:49 PM"
"206",2015-05-27,414350,"Oriole Park at Camden Yards",2,74,"Cloudy","1 mph, In From RF",16401,17:46:00,"2:26 (1:11 delay)","2015/05/27/houmlb-balmlb-1","R","mlb","Jim Henneman","Att","F",103,"P","kbwi","76","29.96","71","5:54 PM"
"207",2015-05-27,414358,"Wrigley Field",17,70,"Clear","5 mph, In From LF",34215,19:07:00,"3:00","2015/05/27/wasmlb-chnmlb-1","R","mlb","Bob Rosenberg","Att","F",104,"P","kord","70","29.33","57","7:51 PM"
"208",2015-05-27,414344,"Busch Stadium",2889,82,"Clear","8 mph, Out To RF",43715,19:16:00,"3:19","2015/05/27/arimlb-slnmlb-1","R","mlb","Mike Smith","Att","F",104,"P","kstl","76","29.46","54","7:51 PM"
"209",2015-05-27,414354,"Angel Stadium of Anaheim",1,70,"Partly Cloudy","6 mph, Out To RF",36180,19:08:00,"2:51","2015/05/27/sdnmlb-anamlb-1","R","mlb","Ed Munson","Att","F",103,"P","ksna","63","29.91","70","7:53 PM"
"210",2015-05-27,414345,"Dodger Stadium",22,67,"Clear","10 mph, Out To RF",37837,19:10:00,"2:58","2015/05/27/atlmlb-lanmlb-1","R","mlb","Jerry White","Att","F",104,"P","kbur","63","29.12","70","7:53 PM"
"211",2015-05-28,414360,"Globe Life Park in Arlington",13,82,"Cloudy","10 mph, In From CF",34085,19:07:00,"2:49","2015/05/28/bosmlb-texmlb-1","R","mlb","Greg Porzucek","Att","F",103,"P","kdfw","81","29.28","67","7:53 PM"
"212",2015-05-28,414362,"Angel Stadium of Anaheim",1,69,"Partly Cloudy","5 mph, Out To RF",32261,19:07:00,"3:07","2015/05/28/detmlb-anamlb-1","R","mlb","Ed Munson","Att","F",103,"P","ksna","63","29.87","75","7:53 PM"
"213",2015-05-28,414363,"O.co Coliseum",10,54,"Clear","11 mph, Out To RF",21795,19:07:00,"2:50","2015/05/28/nyamlb-oakmlb-1","R","mlb","Michael Duca","Att","F",103,"P","koak","55","29.99","83","7:53 PM"
"214",2015-05-28,414361,"Safeco Field",680,80,"Partly Cloudy","3 mph, L To R",19449,19:10:00,"2:50","2015/05/28/clemlb-seamlb-1","R","mlb","Eric Radovich","Att","F",103,"P","kbfi","78","29.96","40","7:53 PM"
"215",2015-05-28,414364,"Petco Park",2680,65,"Clear","6 mph, Out To RF",23104,19:11:00,"3:05","2015/05/28/pitmlb-sdnmlb-1","R","mlb","Bill Zavestoski","Att","F",104,"P","ksan","63","29.93","72","7:51 PM"
"216",2015-05-28,414359,"AT&T Park",2395,59,"Cloudy","20 mph, Out To CF",41040,19:14:00,"2:31","2015/05/28/atlmlb-sfnmlb-1","R","mlb","Chris Thoms","Att","F",104,"P","ksfo","55","29.99","86","7:56 PM"
"217",2015-05-29,414372,"Wrigley Field",17,77,"Cloudy","12 mph, R To L",34273,15:06:00,"3:09","2015/05/29/kcamlb-chnmlb-1","R","mlb","Don Friske","Att","F",104,"P","kord","78","29.20","62","3:51 PM"
"218",2015-05-29,414370,"Citizens Bank Park",2681,86,"Partly Cloudy","7 mph, Out To CF",22227,19:06:00,"2:32","2015/05/29/colmlb-phimlb-1","R","mlb","Mike Maconi","Att","F",104,"P","kphl","81","30.20","60","7:54 PM"
"219",2015-05-29,414377,"Oriole Park at Camden Yards",2,79,"Partly Cloudy","6 mph, Out To LF",45505,19:05:00,"2:43","2015/05/29/tbamlb-balmlb-1","R","mlb","Jim Henneman","Att","F",103,"P","kbwi","78","30.02","68","7:54 PM"
"220",2015-05-29,414374,"Citi Field",3289,72,"Partly Cloudy","11 mph, Out To LF",33880,19:11:00,"2:08","2015/05/29/miamlb-nynmlb-1","R","mlb","David Freeman","Att","F",104,"P","klga","72","30.20","57","7:51 PM"
"221",2015-05-29,414379,"Great American Ball Park",2602,81,"Partly Cloudy","11 mph, R To L",28877,19:10:00,"3:02","2015/05/29/wasmlb-cinmlb-1","R","mlb","Ronald Roth","Att","F",104,"P","kluk","78","29.52","64","7:53 PM"
"222",2015-05-29,414367,"Globe Life Park in Arlington",13,79,"Partly Cloudy","6 mph, R To L",38176,19:07:00,"2:59","2015/05/29/bosmlb-texmlb-1","R","mlb","Steve Weller","Att","F",103,"P","kdfw","74","29.30","76","7:53 PM"
"223",2015-05-29,414365,"Miller Park",32,74,"Partly Cloudy","6 mph, R To L",34276,19:11:00,"3:23","2015/05/29/arimlb-milmlb-1","R","mlb","Tim O'Driscoll","Att","F",104,"P","kmke","73","29.14","81","7:52 PM"
"224",2015-05-29,414368,"Minute Maid Park",2392,73,"Roof Closed","0 mph, None",25957,19:12:00,"4:08","2015/05/29/chamlb-houmlb-1","R","mlb","Trey Wilkinson","Att","F",103,"P","khou","82","29.90","60","7:53 PM"
"225",2015-05-29,414378,"Target Field",3312,58,"Overcast","15 mph, L To R",24509,20:11:00,"2:15 (1:01 delay)","2015/05/29/tormlb-minmlb-1","R","mlb","Stew Thornley","Att","F",103,"P","kmsp","56","29.09","93","8:53 PM"
"226",2015-05-29,414373,"Busch Stadium",2889,76,"Cloudy","6 mph, Out To LF",44223,19:15:00,"2:58","2015/05/29/lanmlb-slnmlb-1","R","mlb","Mike Smith","Att","F",104,"P","kstl","77","29.37","76","7:51 PM"
"227",2015-05-29,414371,"Angel Stadium of Anaheim",1,72,"Partly Cloudy","9 mph, L To R",41901,19:07:00,"2:46","2015/05/29/detmlb-anamlb-1","R","mlb","Ed Munson","Att","F",103,"P","ksna","64","29.85","78","7:53 PM"
"228",2015-05-29,414375,"O.co Coliseum",10,54,"Partly Cloudy","15 mph, Out To RF",23540,19:07:00,"2:49","2015/05/29/nyamlb-oakmlb-1","R","mlb","Chris Thoms","Att","F",103,"P","koak","55","29.95","80","7:53 PM"
"229",2015-05-29,414369,"Safeco Field",680,76,"Partly Cloudy","2 mph, Out To RF",32454,19:10:00,"2:24","2015/05/29/clemlb-seamlb-1","R","mlb","Eric Radovich","Att","F",103,"P","kbfi","75","29.86","44","7:53 PM"
"230",2015-05-29,414376,"Petco Park",2680,65,"Partly Cloudy","8 mph, L To R",28317,19:11:00,"3:16","2015/05/29/pitmlb-sdnmlb-1","R","mlb","Bill Zavestoski","Att","F",104,"P","ksan","64","29.90","72","7:51 PM"
"231",2015-05-29,414366,"AT&T Park",2395,55,"Overcast","14 mph, Out To CF",41311,19:15:00,"2:36","2015/05/29/atlmlb-sfnmlb-1","R","mlb","David Bush","Att","F",104,"P","ksfo","55","29.95","80","7:56 PM"
"232",2015-05-30,414393,"Target Field",3312,59,"Partly Cloudy","13 mph, In From LF",32076,13:11:00,"2:41","2015/05/30/tormlb-minmlb-1","R","mlb","Gregg Wong","Att","F",103,"P","kmsp","61","29.32","52","1:53 PM"
"233",2015-05-30,414385,"Citizens Bank Park",2681,86,"Partly Cloudy","10 mph, L To R",23510,15:05:00,"3:23","2015/05/30/colmlb-phimlb-1","R","mlb","Dick Shute","Att","F",104,"P","kphl","86","30.08","48","3:54 PM"
"234",2015-05-30,414392,"Oriole Park at Camden Yards",2,84,"Partly Cloudy","8 mph, Out To LF",38177,16:06:00,"2:09","2015/05/30/tbamlb-balmlb-1","R","mlb","Mark Jacobson","Att","F",103,"P","kbwi","85","29.91","55","4:54 PM"
"235",2015-05-30,414380,"Miller Park",32,70,"Roof Closed","0 mph, None",39552,15:10:00,"2:58","2015/05/30/arimlb-milmlb-1","R","mlb","Tim O'Driscoll","Att","F",104,"P","kmke","46","29.37","89","3:52 PM"
"236",2015-05-30,414383,"Minute Maid Park",2392,73,"Roof Closed","0 mph, None",29720,15:11:00,"2:29","2015/05/30/chamlb-houmlb-1","R","mlb","Rick Blount","Att","F",103,"P","khou","90","29.92","59","3:21 PM"
"237",2015-05-30,414389,"Citi Field",3289,82,"Sunny","22 mph, Out To LF",39095,16:10:00,"3:07","2015/05/30/miamlb-nynmlb-1","R","mlb","Billy Altman","Att","F",104,"P","klga","79","30.05","54","4:51 PM"
"238",2015-05-30,414394,"Great American Ball Park",2602,84,"Cloudy","9 mph, R To L",36294,16:11:00,"3:08","2015/05/30/wasmlb-cinmlb-1","R","mlb","Ronald Roth","Att","F",104,"P","kluk","81","29.43","60","4:53 PM"
"239",2015-05-30,414382,"Globe Life Park in Arlington",13,76,"Partly Cloudy","10 mph, Out To RF",42831,18:15:00,"2:49","2015/05/30/bosmlb-texmlb-1","R","mlb","Will Rudd","Att","F",103,"P","kdfw","71","29.40","78","6:53 PM"
"240",2015-09-28,414387,"Wrigley Field",17,74,"Cloudy","0 mph, R To L",40552,19:05:00,"2:49","2015/09/28/kcamlb-chnmlb-1","R","mlb","Allan Spear","Att","F",104,"P","kord","73","29.24","76","7:51 PM"
"241",2015-05-30,414388,"Busch Stadium",2889,70,"Overcast","17 mph, Out To RF",44754,20:35:00,"2:53 (2:20 delay)","2015/05/30/lanmlb-slnmlb-1","R","mlb","Gary Mueller","Att","F",104,"P","kstl","68","29.37","84","8:51 PM"
"242",2015-05-30,414381,"AT&T Park",2395,58,"Cloudy","12 mph, Out To RF",42005,19:05:00,"2:51","2015/05/30/atlmlb-sfnmlb-1","R","mlb","David Bush","Att","F",104,"P","ksfo","55","29.90","82","7:14 PM"
"243",2015-05-30,414386,"Angel Stadium of Anaheim",1,70,"Partly Cloudy","6 mph, Out To RF",40369,19:07:00,"2:50","2015/05/30/detmlb-anamlb-1","R","mlb","Ed Munson","Att","F",103,"P","ksna","63","29.82","81","7:53 PM"
"244",2015-05-30,414390,"O.co Coliseum",10,55,"Partly Cloudy","16 mph, Out To RF",25223,19:08:00,"3:06","2015/05/30/nyamlb-oakmlb-1","R","mlb","Jim Young","Att","F",103,"P","koak","55","29.91","82","7:29 PM"
"245",2015-05-30,414384,"Safeco Field",680,72,"Clear","2 mph, L To R",32287,19:10:00,"3:04","2015/05/30/clemlb-seamlb-1","R","mlb","Dan Peterson","Att","F",103,"P","kbfi","73","29.86","39","7:53 PM"
"246",2015-05-30,414391,"Petco Park",2680,65,"Partly Cloudy","10 mph, L To R",43207,19:11:00,"2:50","2015/05/30/pitmlb-sdnmlb-1","R","mlb","Bill Zavestoski","Att","F",104,"P","ksan","63","29.89","78","7:51 PM"
"247",2015-05-31,414404,"Citi Field",3289,83,"Partly Cloudy","12 mph, Out To CF",28711,13:11:00,"2:47","2015/05/31/miamlb-nynmlb-1","R","mlb","David Freeman","Att","F",104,"P","klga","84","29.99","53","1:51 PM"
"248",2015-05-31,414409,"Great American Ball Park",2602,64,"Overcast","17 mph, L To R",31874,13:10:00,"2:45","2015/05/31/wasmlb-cinmlb-1","R","mlb","Ronald Roth","Att","F",104,"P","kluk","66","29.49","84","1:25 PM"
"249",2015-05-31,414400,"Citizens Bank Park",2681,86,"Partly Cloudy","11 mph, L To R",22166,13:39:00,"2:56","2015/05/31/colmlb-phimlb-1","R","mlb","Jay Dunn","Att","F",104,"P","kphl","88","30.00","46","1:54 PM"
"250",2015-05-31,414407,"Oriole Park at Camden Yards",2,86,"Partly Cloudy","6 mph, Out To CF",36945,13:36:00,"3:24","2015/05/31/tbamlb-balmlb-1","R","mlb","Jim Henneman","Att","F",103,"P","kbwi","88","29.83","46","1:54 PM"
"251",2015-05-31,414395,"Miller Park",32,68,"Roof Closed","0 mph, None",32460,13:11:00,"5:49","2015/05/31/arimlb-milmlb-1","R","mlb","Tim O'Driscoll","Att","F",104,"P","kmke","52","29.49","61","1:52 PM"
"252",2015-05-31,414398,"Minute Maid Park",2392,73,"Roof Closed","0 mph, None",27423,13:13:00,"2:37","2015/05/31/chamlb-houmlb-1","R","mlb","Trey Wilkinson","Att","F",103,"P","khou","82","29.99","62","1:22 PM"
"253",2015-05-31,414408,"Target Field",3312,58,"Cloudy","6 mph, In From LF",33829,13:14:00,"3:08","2015/05/31/tormlb-minmlb-1","R","mlb","Stew Thornley","Att","F",103,"P","kmsp","58","29.37","39","1:53 PM"
"254",2015-05-31,414403,"Busch Stadium",2889,59,"Overcast","9 mph, In From LF",45285,13:16:00,"2:33","2015/05/31/lanmlb-slnmlb-1","R","mlb","Jeff Durbin","Att","F",104,"P","kstl","60","29.52","69","1:51 PM"
"255",2015-05-31,414402,"Wrigley Field",17,47,"Cloudy","21 mph, In From LF",37766,13:21:00,"3:39","2015/05/31/kcamlb-chnmlb-1","R","mlb","Don Friske","Att","F",104,"P","kord","53","29.48","59","1:51 PM"
"256",2015-05-31,414397,"Globe Life Park in Arlington",13,77,"Sunny","5 mph, L To R",32848,14:08:00,"3:16","2015/05/31/bosmlb-texmlb-1","R","mlb","Steve Weller","Att","F",103,"P","kdfw","77","29.44","48","2:53 PM"
"257",2015-05-31,414396,"AT&T Park",2395,64,"Cloudy","12 mph, Out To CF",41553,13:05:00,"3:02","2015/05/31/atlmlb-sfnmlb-1","R","mlb","Jim Young","Att","F",104,"P","ksfo","65","29.92","54","1:56 PM"
"258",2015-05-31,414405,"O.co Coliseum",10,62,"Partly Cloudy","12 mph, Out To RF",25457,13:07:00,"2:21","2015/05/31/nyamlb-oakmlb-1","R","mlb","Chuck Dybdal","Att","F",103,"P","koak","63","29.93","58","1:53 PM"
"259",2015-05-31,414399,"Safeco Field",680,63,"Overcast","5 mph, Out To RF",32112,13:10:00,"4:36","2015/05/31/clemlb-seamlb-1","R","mlb","Darin Padur","Att","F",103,"P","kbfi","71","29.83","47","1:53 PM"
"260",2015-05-31,414401,"Angel Stadium of Anaheim",1,72,"Sunny","7 mph, Out To RF",37143,17:08:00,"3:19","2015/05/31/detmlb-anamlb-1","R","mlb","Chris Johnson","Att","F",103,"P","ksna","68","29.85","65","5:53 PM"
"261",2015-05-31,414406,"Petco Park",2680,68,"Partly Cloudy","8 mph, Out To RF",20556,18:11:00,"2:46","2015/05/31/pitmlb-sdnmlb-1","R","mlb","Bill Zavestoski","Att","F",104,"P","ksan","66","29.90","68","6:51 PM"
"262",2015-06-02,414420,"Nationals Park",3309,67,"Cloudy","9 mph, Out To LF",23192,13:07:00,"2:17","2015/06/02/tormlb-wasmlb-1","R","mlb","Dave Matheson","Att","F",104,"P","kdca","63","30.07","82","1:21 PM"
"263",2015-06-01,414412,"Marlins Park",4169,76,"Roof Closed","0 mph, None",20964,19:13:00,"2:45","2015/06/01/chnmlb-miamlb-1","R","mlb","Ron Jernick","Att","F",104,"P","kmia","81","30.02","65","7:53 PM"
"264",2015-06-03,414415,"Fenway Park",3,53,"Cloudy","11 mph, In From RF",31704,13:36:00,"2:33","2015/06/03/minmlb-bosmlb-1","R","mlb","Mike Shalin","Att","F",103,"P","kbos","53","30.24","80","1:54 PM"
"265",2015-06-01,414411,"Minute Maid Park",2392,86,"Partly Cloudy","2 mph, In From LF",17259,19:14:00,"2:45","2015/06/01/balmlb-houmlb-1","R","mlb","Trey Wilkinson","Att","F",103,"P","khou","82","29.94","58","7:53 PM"
"266",2015-06-01,414414,"Busch Stadium",2889,65,"Cloudy","5 mph, L To R",40689,19:11:00,"3:05","2015/06/01/milmlb-slnmlb-1","R","mlb","Mike Smith","Att","F",104,"P","kstl","64","29.52","70","8:51 PM"
"267",2015-06-01,414413,"Coors Field",19,76,"Partly Cloudy","7 mph, R To L",25564,18:41:00,"3:08","2015/06/01/lanmlb-colmlb-1","R","mlb","Dave Einspahr","Att","F",104,"P","kden","71","24.57","49","6:53 PM"
"268",2015-06-01,414410,"Chase Field",15,99,"Partly Cloudy","8 mph, L To R",18258,18:40:00,"2:45","2015/06/01/atlmlb-arimlb-1","R","mlb","Gary Rausch","Att","F",104,"P","kphx","101","28.60","6","6:51 PM"
"269",2015-06-01,414419,"Angel Stadium of Anaheim",1,72,"Clear","7 mph, None",27078,19:08:00,"2:55","2015/06/01/tbamlb-anamlb-1","R","mlb","Ed Munson","Att","F",103,"P","ksna","65","29.92","70","7:53 PM"
"270",2015-06-01,414416,"Safeco Field",680,61,"Cloudy","1 mph, None",26082,19:10:00,"2:55","2015/06/01/nyamlb-seamlb-1","R","mlb","Eric Radovich","Att","F",103,"P","kbfi","60","29.92","72","7:53 PM"
"271",2015-06-01,414417,"Petco Park",2680,67,"Clear","12 mph, Out To RF",21893,19:10:00,"2:21","2015/06/01/nynmlb-sdnmlb-1","R","mlb","Bill Zavestoski","Att","F",104,"P","ksan","64","29.97","70","7:51 PM"
"272",2015-06-01,414418,"AT&T Park",2395,61,"Partly Cloudy","12 mph, Out To CF",41546,19:16:00,"2:38","2015/06/01/pitmlb-sfnmlb-1","R","mlb","David Feldman","Att","F",104,"P","ksfo","64","30.04","73","7:33 PM"
"273",2015-06-02,414427,"Coors Field",19,82,"Clear","8 mph, L To R",24972,18:41:00,"3:24","2015/06/02/lanmlb-colmlb-2","R","mlb","Dennis Smythe","Att","F",104,"P","kden","79","24.46","34","6:53 PM"
"274",2015-06-02,414435,"Nationals Park",3309,61,"Overcast","9 mph, In From RF",25765,19:05:00,"3:04","2015/06/02/tormlb-wasmlb-2","R","mlb","Dave Matheson","Att","F",104,"P","kdca","63","30.09","77","7:13 PM"
"275",2015-06-02,414425,"Citizens Bank Park",2681,57,"Rain","8 mph, R To L",20209,19:08:00,"2:52","2015/06/02/cinmlb-phimlb-1","R","mlb","Mike Maconi","Att","F",104,"P","kphl","57","30.12","87","7:24 PM"
"276",2015-06-02,414432,"Comerica Park",2394,69,"Partly Cloudy","9 mph, In From CF",28362,19:08:00,"2:50","2015/06/02/oakmlb-detmlb-1","R","mlb","Chuck Klonke","Att","F",103,"P","kdet","64","29.47","63","7:53 PM"
"277",2015-06-02,414424,"Marlins Park",4169,74,"Roof Closed","0 mph, None",23789,19:10:00,"2:33","2015/06/02/chnmlb-miamlb-1","R","mlb","Ron Jernick","Att","F",104,"P","kmia","81","29.95","69","7:53 PM"
"278",2015-06-02,414429,"Fenway Park",3,48,"Cloudy","12 mph, In From CF",32622,19:11:00,"2:21","2015/06/02/minmlb-bosmlb-1","R","mlb","Charlie Scoggins","Att","F",103,"P","kbos","48","30.17","87","7:23 PM"
"279",2015-06-02,414423,"Globe Life Park in Arlington",13,87,"Clear","10 mph, In From LF",27558,19:08:00,"2:35","2015/06/02/chamlb-texmlb-1","R","mlb","Steve Weller","Att","F",103,"P","kdfw","81","29.27","56","7:53 PM"
"280",2015-06-02,414422,"Minute Maid Park",2392,87,"Partly Cloudy","6 mph, R To L",18730,19:11:00,"2:42","2015/06/02/balmlb-houmlb-1","R","mlb","Greg Porzucek","Att","F",103,"P","khou","82","29.86","62","7:53 PM"
"281",2015-06-02,414426,"Kauffman Stadium",7,74,"Cloudy","8 mph, R To L",30361,19:10:00,"3:16","2015/06/02/clemlb-kcamlb-1","R","mlb","David Boyce","Att","F",103,"P","kmci","71","28.87","68","7:53 PM"
"282",2015-06-02,414428,"Busch Stadium",2889,70,"Clear","4 mph, R To L",42835,19:15:00,"2:27","2015/06/02/milmlb-slnmlb-1","R","mlb","Gary Mueller","Att","F",104,"P","kstl","70","29.43","61","7:51 PM"
"283",2015-06-02,414421,"Chase Field",15,100,"Clear","8 mph, Out To RF",17101,18:40:00,"3:18","2015/06/02/atlmlb-arimlb-1","R","mlb","Gary Rausch","Att","F",104,"P","kphx","99","28.55","6","6:51 PM"
"284",2015-06-02,414434,"Angel Stadium of Anaheim",1,68,"Clear","6 mph, Out To RF",28771,19:09:00,"2:33","2015/06/02/tbamlb-anamlb-1","R","mlb","Ed Munson","Att","F",103,"P","ksna","64","29.88","78","7:53 PM"
"285",2015-06-02,414430,"Safeco Field",680,63,"Roof Closed","1 mph, Varies",27442,19:10:00,"3:55","2015/06/02/nyamlb-seamlb-1","R","mlb","Eric Radovich","Att","F",103,"P","kbfi","62","30.03","62","7:53 PM"
"286",2015-06-02,414431,"Petco Park",2680,65,"Clear","6 mph, L To R",22264,19:10:00,"3:00","2015/06/02/nynmlb-sdnmlb-1","R","mlb","Bill Zavestoski","Att","F",104,"P","ksan","64","29.94","72","7:51 PM"
"287",2015-06-02,414433,"AT&T Park",2395,58,"Clear","18 mph, Out To CF",41913,19:15:00,"3:14","2015/06/02/pitmlb-sfnmlb-1","R","mlb","David Feldman","Att","F",104,"P","ksfo","59","29.98","72","7:56 PM"
"288",2015-06-03,414444,"Fenway Park",3,60,"Partly Cloudy","10 mph, R To L",33291,19:11:00,"2:15","2015/06/03/minmlb-bosmlb-2","R","mlb","Mike Shalin","Att","F",103,"P","kbos","52","30.24","71","7:54 PM"
"289",2015-06-03,414443,"Busch Stadium",2889,72,"Cloudy","11 mph, Out To CF",41567,12:46:00,"2:40","2015/06/03/milmlb-slnmlb-1","R","mlb","Gary Mueller","Att","F",104,"P","kstl","71","29.43","61","12:51 PM"
"290",2015-06-03,414436,"Chase Field",15,77,"Roof Closed","0 mph, None",17717,12:40:00,"3:17","2015/06/03/atlmlb-arimlb-1","R","mlb","Gary Rausch","Att","F",104,"P","kphx","97","28.58","7","12:51 PM"
"291",2015-06-03,414445,"Safeco Field",680,59,"Partly Cloudy","1 mph, L To R",32701,12:40:00,"2:21","2015/06/03/nyamlb-seamlb-1","R","mlb","Darin Padur","Att","F",103,"P","kbfi","64","30.05","58","12:53 PM"
"292",2015-06-03,414448,"AT&T Park",2395,64,"Partly Cloudy","15 mph, Out To CF",41495,12:45:00,"2:59","2015/06/03/pitmlb-sfnmlb-1","R","mlb","David Feldman","Att","F",104,"P","ksfo","63","29.95","63","12:56 PM"
"293",2015-06-03,414440,"Citizens Bank Park",2681,66,"Cloudy","8 mph, R To L",21253,19:06:00,"3:31","2015/06/03/cinmlb-phimlb-1","R","mlb","Mike Maconi","Att","F",104,"P","kphl","65","30.18","56","7:54 PM"
"294",2015-06-03,414450,"Nationals Park",3309,63,"Cloudy","8 mph, Out To RF",33654,19:04:00,"2:13","2015/06/03/tormlb-wasmlb-1","R","mlb","Dave Matheson","Att","F",104,"P","kdca","63","30.14","81","7:52 PM"
"295",2015-06-03,414447,"Comerica Park",2394,70,"Clear","10 mph, R To L",30718,19:08:00,"2:39","2015/06/03/oakmlb-detmlb-1","R","mlb","Chuck Klonke","Att","F",103,"P","kdet","67","29.39","52","7:53 PM"
"296",2015-06-03,414439,"Marlins Park",4169,73,"Roof Closed","0 mph, None",22962,19:11:00,"2:56","2015/06/03/chnmlb-miamlb-1","R","mlb","Ron Jernick","Att","F",104,"P","kmia","79","29.88","74","7:53 PM"
"297",2015-06-03,414438,"Globe Life Park in Arlington",13,86,"Clear","11 mph, R To L",32598,19:07:00,"3:06","2015/06/03/chamlb-texmlb-1","R","mlb","Steve Weller","Att","F",103,"P","kdfw","83","29.22","58","7:53 PM"
"298",2015-06-03,414437,"Minute Maid Park",2392,84,"Cloudy","8 mph, Out To LF",20305,19:12:00,"2:14","2015/06/03/balmlb-houmlb-1","R","mlb","Greg Porzucek","Att","F",103,"P","khou","82","29.84","62","7:53 PM"
"299",2015-06-03,414441,"Kauffman Stadium",7,73,"Cloudy","4 mph, In From RF",29899,19:10:00,"2:33","2015/06/03/clemlb-kcamlb-1","R","mlb","David Boyce","Att","F",103,"P","kmci","71","28.83","84","7:53 PM"
"300",2015-06-03,414442,"Coors Field",19,64,"Cloudy","7 mph, Out To RF",24575,20:20:00,"3:44 (2:26 delay)","2015/06/03/lanmlb-colmlb-1","R","mlb","Dave Plati","Att","F",104,"P","kden","62","24.54","80","8:53 PM"
